id,raw_id,source,team,team_code,category,updated_at,content,status,evidence_type,parse_status,policy_type,policy_name,policy_subtype,open_date,open_ampm,open_time,game_date_mmdd,opponent_name_raw,away_team_name_raw,home_team_name_raw,away_team_code,home_team_code,max_tickets,booking_channel_and_condition
ticket_policy_f4b3305af92f7c91,ticket_policy_582d03283d3b5fe8,https://yagu.today/calendar/2026/9,두산,DOOSAN,ticket_policy,2026-09-05 03:01:02,"[선예매] 두산 선예매 (베어스클럽) 9월 5일 토요일 오전 10시 (9/12 NC전) NC vs 두산 (9/12) 오픈: 9월 5일 토요일 오전 최대 2매 예매처: 구단 홈페이지 성인 대상, 구단 홈페이지만 가능",CONFIRMED,THIRD_PARTY_API,OK,선예매,두산 선예매,베어스클럽,9월 5일 토요일,오전,10시,9/12,NC,NC,두산,NC,DOOSAN,2,"구단 홈페이지 성인 대상, 구단 홈페이지만 가능"
ticket_policy_a6cda2421ae76420,ticket_policy_582d03283d3b5fe8,https://yagu.today/calendar/2026/9,두산,DOOSAN,ticket_policy,2026-09-05 03:01:02,"[선예매] 두산 선예매 (두린이클럽) 9월 5일 토요일 오전 10시 (9/12 NC전) NC vs 두산 (9/12) 오픈: 9월 5일 토요일 오전 최대 4매 예매처: 구단 홈페이지 어린이 대상, 구단 홈페이지만 가능",CONFIRMED,THIRD_PARTY_API,OK,선예매,두산 선예매,두린이클럽,9월 5일 토요일,오전,10시,9/12,NC,NC,두산,NC,DOOSAN,4,"구단 홈페이지 어린이 대상, 구단 홈페이지만 가능"
ticket_policy_df46fcd99901f481,ticket_policy_2fa14ceeb9545598,https://yagu.today/calendar/2026/9,KIA,KIA,ticket_policy,2026-09-05 03:01:02,[선예매] KIA 시즌권 선예매 9월 5일 토요일 오전 10시 (9/13 한화전) 한화 vs KIA (9/13) 오픈: 9월 5일 토요일 오전 최대 2매 예매처: 타이거즈앱 앱 전용 등급별 조건 오피셜 미확정 (2026 시즌 공지 대기),CONFIRMED,THIRD_PARTY_API,OK,선예매,KIA 시즌권 선예매,,9월 5일 토요일,오전,10시,9/13,한화,한화,KIA,HANWHA,KIA,2,타이거즈앱 앱 전용 등급별 조건 오피셜 미확정 (2026 시즌 공지 대기)
ticket_policy_a517f0919bf87170,ticket_policy_bb395844b38f22d6,https://yagu.today/calendar/2026/9,롯데,LOTTE,ticket_policy,2026-09-05 03:01:02,[선예매] 롯데 선예매 (시즌권) 9월 5일 토요일 오전 10시 (9/19 삼성전) 삼성 vs 롯데 (9/19) 오픈: 9월 5일 토요일 오전 최대 2매 예매처: 롯데 자이언츠 앱/웹,CONFIRMED,THIRD_PARTY_API,OK,선예매,롯데 선예매,시즌권,9월 5일 토요일,오전,10시,9/19,삼성,삼성,롯데,SAMSUNG,LOTTE,2,롯데 자이언츠 앱/웹
ticket_policy_196bc6dbc8acead3,ticket_policy_bb395844b38f22d6,https://yagu.today/calendar/2026/9,롯데,LOTTE,ticket_policy,2026-09-05 03:01:02,[선예매] 롯데 선예매 (멤버십) 9월 5일 토요일 오전 10시 (9/19 삼성전) 삼성 vs 롯데 (9/19) 오픈: 9월 5일 토요일 오전 최대 2매 예매처: 롯데 자이언츠 앱/웹,CONFIRMED,THIRD_PARTY_API,OK,선예매,롯데 선예매,멤버십,9월 5일 토요일,오전,10시,9/19,삼성,삼성,롯데,SAMSUNG,LOTTE,2,롯데 자이언츠 앱/웹
ticket_policy_33850e0aa238b8e2,ticket_policy_c42d97b02c4a0f60,https://yagu.today/calendar/2026/9,KIA,KIA,ticket_policy,2026-09-05 03:01:02,[선예매] KIA 얼리 멤버십 9월 5일 토요일 오전 10시 30분 (9/13 한화전) 한화 vs KIA (9/13) 오픈: 9월 5일 토요일 오전 30분 최대 2매 예매처: 타이거즈앱 앱 전용 일반석 한정,CONFIRMED,THIRD_PARTY_API,OK,선예매,KIA 얼리 멤버십,,9월 5일 토요일,오전,10시 30분,9/13,한화,한화,KIA,HANWHA,KIA,2,타이거즈앱 앱 전용 일반석 한정
ticket_policy_bade564c9f036dbf,ticket_policy_7ae211c7e76cb080,https://yagu.today/calendar/2026/9,SSG,SSG,ticket_policy,2026-09-05 03:01:02,[일반] SSG 일반예매 (프렌즈) 9월 5일 토요일 오전 11시 (9/10 한화전) 한화 vs SSG (9/10) 오픈: 9월 5일 토요일 오전 최대 6매 예매처: 쓱닷컴 앱/웹 스타벅스 게이트 이용 가능,CONFIRMED,THIRD_PARTY_API,OK,일반,SSG 일반예매,프렌즈,9월 5일 토요일,오전,11시,9/10,한화,한화,SSG,HANWHA,SSG,6,쓱닷컴 앱/웹 스타벅스 게이트 이용 가능
ticket_policy_4b6ba9de2d87997a,ticket_policy_f6f8f24fe990e53f,https://yagu.today/calendar/2026/9,두산,DOOSAN,ticket_policy,2026-09-05 03:01:02,[일반] 두산 일반예매 9월 5일 토요일 오전 11시 (9/12 NC전) NC vs 두산 (9/12) 오픈: 9월 5일 토요일 오전 예매처: 놀티켓 / 구단 홈페이지,CONFIRMED,THIRD_PARTY_API,OK,일반,두산 일반예매,,9월 5일 토요일,오전,11시,9/12,NC,NC,두산,NC,DOOSAN,,놀티켓 / 구단 홈페이지
ticket_policy_63ebbb8e7d24a8e1,ticket_policy_c8097f2779e4bf56,https://yagu.today/calendar/2026/9,키움,KIWOOM,ticket_policy,2026-09-05 03:01:02,[선예매] 키움 시즌권 선예매 9월 5일 토요일 오전 11시 (9/12 롯데전) 롯데 vs 키움 (9/12) 오픈: 9월 5일 토요일 오전 최대 4매 예매처: 놀티켓,CONFIRMED,THIRD_PARTY_API,OK,선예매,키움 시즌권 선예매,,9월 5일 토요일,오전,11시,9/12,롯데,롯데,키움,LOTTE,KIWOOM,4,놀티켓
ticket_policy_c470a0d08cab6e45,ticket_policy_3be67ed937b2103f,https://yagu.today/calendar/2026/9,키움,KIWOOM,ticket_policy,2026-09-05 03:01:02,[선예매] 키움 멤버십 9월 5일 토요일 오후 12시 (9/12 롯데전) 롯데 vs 키움 (9/12) 오픈: 9월 5일 토요일 오후 최대 2매 예매처: 놀티켓,CONFIRMED,THIRD_PARTY_API,OK,선예매,키움 멤버십,,9월 5일 토요일,오후,12시,9/12,롯데,롯데,키움,LOTTE,KIWOOM,2,놀티켓
ticket_policy_57b3ee92e1b47918,ticket_policy_afa64741ea48ec1f,https://yagu.today/calendar/2026/9,KT,KT,ticket_policy,2026-09-05 03:01:02,[선예매] KT 시즌권 선예매 9월 5일 토요일 오후 1시 (9/12 KIA전) KIA vs KT (9/12) 오픈: 9월 5일 토요일 오후 최대 2매 예매처: 티켓링크 / WIZ APP,CONFIRMED,THIRD_PARTY_API,OK,선예매,KT 시즌권 선예매,,9월 5일 토요일,오후,1시,9/12,KIA,KIA,KT,KIA,KT,2,티켓링크 / WIZ APP
ticket_policy_a280bc4b26b775bb,ticket_policy_1b01c796cd39c295,https://yagu.today/calendar/2026/9,KT,KT,ticket_policy,2026-09-05 03:01:02,"[선예매] KT 매직회원 9월 5일 토요일 오후 2시 (9/12 KIA전) KIA vs KT (9/12) 오픈: 9월 5일 토요일 오후 예매처: 티켓링크 / WIZ APP 시즌 6매, 응원지정석만",CONFIRMED,THIRD_PARTY_API,OK,선예매,KT 매직회원,,9월 5일 토요일,오후,2시,9/12,KIA,KIA,KT,KIA,KT,,"티켓링크 / WIZ APP 시즌 6매, 응원지정석만"
ticket_policy_7c5e9d5d958f3756,ticket_policy_1b01c796cd39c295,https://yagu.today/calendar/2026/9,KT,KT,ticket_policy,2026-09-05 03:01:02,[선예매] KT 빅또리 9월 5일 토요일 오후 2시 (9/12 KIA전) KIA vs KT (9/12) 오픈: 9월 5일 토요일 오후 예매처: 티켓링크 / WIZ APP 시즌 10매,CONFIRMED,THIRD_PARTY_API,OK,선예매,KT 빅또리,,9월 5일 토요일,오후,2시,9/12,KIA,KIA,KT,KIA,KT,,티켓링크 / WIZ APP 시즌 10매
ticket_policy_471e96ff9c885b4c,ticket_policy_3aff7f8cb3be104f,https://yagu.today/calendar/2026/9,키움,KIWOOM,ticket_policy,2026-09-05 03:01:02,[일반] 키움 일반예매 9월 5일 토요일 오후 2시 (9/12 롯데전) 롯데 vs 키움 (9/12) 오픈: 9월 5일 토요일 오후 예매처: 놀티켓,CONFIRMED,THIRD_PARTY_API,OK,일반,키움 일반예매,,9월 5일 토요일,오후,2시,9/12,롯데,롯데,키움,LOTTE,KIWOOM,,놀티켓
ticket_policy_f545b807f9bba297,ticket_policy_70e2bda51ffc4e70,https://yagu.today/calendar/2026/9,롯데,LOTTE,ticket_policy,2026-09-05 03:01:02,[일반] 롯데 일반예매 9월 5일 토요일 오후 2시 (9/19 삼성전) 삼성 vs 롯데 (9/19) 오픈: 9월 5일 토요일 오후 최대 8매 예매처: 롯데 자이언츠 앱/웹 선예매 포함 합산 최대 8매. 홈개막 시리즈 한해 앱 전용 (추가 공지),CONFIRMED,THIRD_PARTY_API,OK,일반,롯데 일반예매,,9월 5일 토요일,오후,2시,9/19,삼성,삼성,롯데,SAMSUNG,LOTTE,8,롯데 자이언츠 앱/웹 선예매 포함 합산 최대 8매. 홈개막 시리즈 한해 앱 전용 (추가 공지)
ticket_policy_fea2aa383ef77efc,ticket_policy_0ac2fe6874ea071f,https://yagu.today/calendar/2026/9,KT,KT,ticket_policy,2026-09-05 03:01:02,[일반] KT 일반예매 9월 5일 토요일 오후 4시 (9/12 KIA전) KIA vs KT (9/12) 오픈: 9월 5일 토요일 오후 예매처: 티켓링크 / WIZ APP,CONFIRMED,THIRD_PARTY_API,OK,일반,KT 일반예매,,9월 5일 토요일,오후,4시,9/12,KIA,KIA,KT,KIA,KT,,티켓링크 / WIZ APP
ticket_policy_0a606891b3e90149,ticket_policy_6285dfbd60ce7d97,https://yagu.today/calendar/2026/9,두산,DOOSAN,ticket_policy,2026-09-05 03:01:02,"[선예매] 두산 선예매 (베어스클럽) 9월 6일 일요일 오전 10시 (9/13 NC전) NC vs 두산 (9/13) 오픈: 9월 6일 일요일 오전 최대 2매 예매처: 구단 홈페이지 성인 대상, 구단 홈페이지만 가능",CONFIRMED,THIRD_PARTY_API,OK,선예매,두산 선예매,베어스클럽,9월 6일 일요일,오전,10시,9/13,NC,NC,두산,NC,DOOSAN,2,"구단 홈페이지 성인 대상, 구단 홈페이지만 가능"
ticket_policy_e073e88cf7c19084,ticket_policy_6285dfbd60ce7d97,https://yagu.today/calendar/2026/9,두산,DOOSAN,ticket_policy,2026-09-05 03:01:02,"[선예매] 두산 선예매 (두린이클럽) 9월 6일 일요일 오전 10시 (9/13 NC전) NC vs 두산 (9/13) 오픈: 9월 6일 일요일 오전 최대 4매 예매처: 구단 홈페이지 어린이 대상, 구단 홈페이지만 가능",CONFIRMED,THIRD_PARTY_API,OK,선예매,두산 선예매,두린이클럽,9월 6일 일요일,오전,10시,9/13,NC,NC,두산,NC,DOOSAN,4,"구단 홈페이지 어린이 대상, 구단 홈페이지만 가능"
ticket_policy_54c55dd265b08823,ticket_policy_1f4d1613fe99852d,https://yagu.today/calendar/2026/9,롯데,LOTTE,ticket_policy,2026-09-05 03:01:02,[선예매] 롯데 선예매 (시즌권) 9월 6일 일요일 오전 10시 (9/20 삼성전) 삼성 vs 롯데 (9/20) 오픈: 9월 6일 일요일 오전 최대 2매 예매처: 롯데 자이언츠 앱/웹,CONFIRMED,THIRD_PARTY_API,OK,선예매,롯데 선예매,시즌권,9월 6일 일요일,오전,10시,9/20,삼성,삼성,롯데,SAMSUNG,LOTTE,2,롯데 자이언츠 앱/웹
ticket_policy_42a7bee703593e02,ticket_policy_1f4d1613fe99852d,https://yagu.today/calendar/2026/9,롯데,LOTTE,ticket_policy,2026-09-05 03:01:02,[선예매] 롯데 선예매 (멤버십) 9월 6일 일요일 오전 10시 (9/20 삼성전) 삼성 vs 롯데 (9/20) 오픈: 9월 6일 일요일 오전 최대 2매 예매처: 롯데 자이언츠 앱/웹,CONFIRMED,THIRD_PARTY_API,OK,선예매,롯데 선예매,멤버십,9월 6일 일요일,오전,10시,9/20,삼성,삼성,롯데,SAMSUNG,LOTTE,2,롯데 자이언츠 앱/웹
ticket_policy_b2c3985b734699d9,ticket_policy_e592da6b654ca7ff,https://yagu.today/calendar/2026/9,KIA,KIA,ticket_policy,2026-09-05 03:01:02,"[일반] KIA 일반예매 9월 6일 일요일 오전 11시 (9/13 한화전) 한화 vs KIA (9/13) 오픈: 9월 6일 일요일 오전 최대 8매 예매처: 티켓링크 / 타이거즈앱 앱/티켓링크앱=특별석 포함, PC 티켓링크=일반석만",CONFIRMED,THIRD_PARTY_API,OK,일반,KIA 일반예매,,9월 6일 일요일,오전,11시,9/13,한화,한화,KIA,HANWHA,KIA,8,"티켓링크 / 타이거즈앱 앱/티켓링크앱=특별석 포함, PC 티켓링크=일반석만"
ticket_policy_6269adcb5e995931,ticket_policy_3c103d3da0528011,https://yagu.today/calendar/2026/9,두산,DOOSAN,ticket_policy,2026-09-05 03:01:02,[일반] 두산 일반예매 9월 6일 일요일 오전 11시 (9/13 NC전) NC vs 두산 (9/13) 오픈: 9월 6일 일요일 오전 예매처: 놀티켓 / 구단 홈페이지,CONFIRMED,THIRD_PARTY_API,OK,일반,두산 일반예매,,9월 6일 일요일,오전,11시,9/13,NC,NC,두산,NC,DOOSAN,,놀티켓 / 구단 홈페이지
ticket_policy_fd188f7bebc1915d,ticket_policy_f119858ceb6c86bd,https://yagu.today/calendar/2026/9,KT,KT,ticket_policy,2026-09-05 03:01:02,[선예매] KT 시즌권 선예매 9월 6일 일요일 오후 1시 (9/13 롯데전) 롯데 vs KT (9/13) 오픈: 9월 6일 일요일 오후 최대 2매 예매처: 티켓링크 / WIZ APP,CONFIRMED,THIRD_PARTY_API,OK,선예매,KT 시즌권 선예매,,9월 6일 일요일,오후,1시,9/13,롯데,롯데,KT,LOTTE,KT,2,티켓링크 / WIZ APP
ticket_policy_00f6d79d71e98060,ticket_policy_40a98070616d53c1,https://yagu.today/calendar/2026/9,KT,KT,ticket_policy,2026-09-05 03:01:02,"[선예매] KT 매직회원 9월 6일 일요일 오후 2시 (9/13 롯데전) 롯데 vs KT (9/13) 오픈: 9월 6일 일요일 오후 예매처: 티켓링크 / WIZ APP 시즌 6매, 응원지정석만",CONFIRMED,THIRD_PARTY_API,OK,선예매,KT 매직회원,,9월 6일 일요일,오후,2시,9/13,롯데,롯데,KT,LOTTE,KT,,"티켓링크 / WIZ APP 시즌 6매, 응원지정석만"
ticket_policy_e7552716e374e6c8,ticket_policy_40a98070616d53c1,https://yagu.today/calendar/2026/9,KT,KT,ticket_policy,2026-09-05 03:01:02,[선예매] KT 빅또리 9월 6일 일요일 오후 2시 (9/13 롯데전) 롯데 vs KT (9/13) 오픈: 9월 6일 일요일 오후 예매처: 티켓링크 / WIZ APP 시즌 10매,CONFIRMED,THIRD_PARTY_API,OK,선예매,KT 빅또리,,9월 6일 일요일,오후,2시,9/13,롯데,롯데,KT,LOTTE,KT,,티켓링크 / WIZ APP 시즌 10매
ticket_policy_03f6d42f974ea781,ticket_policy_15a351fbbce84fc0,https://yagu.today/calendar/2026/9,롯데,LOTTE,ticket_policy,2026-09-05 03:01:02,[일반] 롯데 일반예매 9월 6일 일요일 오후 2시 (9/20 삼성전) 삼성 vs 롯데 (9/20) 오픈: 9월 6일 일요일 오후 최대 8매 예매처: 롯데 자이언츠 앱/웹 선예매 포함 합산 최대 8매. 홈개막 시리즈 한해 앱 전용 (추가 공지),CONFIRMED,THIRD_PARTY_API,OK,일반,롯데 일반예매,,9월 6일 일요일,오후,2시,9/20,삼성,삼성,롯데,SAMSUNG,LOTTE,8,롯데 자이언츠 앱/웹 선예매 포함 합산 최대 8매. 홈개막 시리즈 한해 앱 전용 (추가 공지)
ticket_policy_d726347b78de6ead,ticket_policy_5da73259cb572cda,https://yagu.today/calendar/2026/9,KT,KT,ticket_policy,2026-09-05 03:01:02,[일반] KT 일반예매 9월 6일 일요일 오후 4시 (9/13 롯데전) 롯데 vs KT (9/13) 오픈: 9월 6일 일요일 오후 예매처: 티켓링크 / WIZ APP,CONFIRMED,THIRD_PARTY_API,OK,일반,KT 일반예매,,9월 6일 일요일,오후,4시,9/13,롯데,롯데,KT,LOTTE,KT,,티켓링크 / WIZ APP
ticket_policy_130c7a4b33ad32f2,ticket_policy_53ce9cd4bd4bd5fc,https://yagu.today/calendar/2026/9,삼성,SAMSUNG,ticket_policy,2026-09-05 03:01:02,"[선예매] 삼성 선예매 (블루 멤버십) 9월 7일 월요일 오전 11시 (9/15) 롯데 vs 삼성 (9/15) 오픈: 9월 7일 월요일 오전 최대 4매 예매처: 구단 홈페이지 (블루 멤버십) 블루 멤버십 전용 (구단 홈페이지). 골드: 전좌석(특화좌석 제외, 3루내야석 보장) / 실버: SKY중앙, 블루존, 상하단 지정석, 외야지정석 (블루존 70%)",CONFIRMED,THIRD_PARTY_API,OK,선예매,삼성 선예매,블루 멤버십,9월 7일 월요일,오전,11시,9/15,,롯데,삼성,LOTTE,SAMSUNG,4,"구단 홈페이지 (블루 멤버십) 블루 멤버십 전용 (구단 홈페이지). 골드: 전좌석(특화좌석 제외, 3루내야석 보장) / 실버: SKY중앙, 블루존, 상하단 지정석, 외야지정석 (블루존 70%)"
ticket_policy_cc9541821a033c19,ticket_policy_6f45d1fe19d2da1f,https://yagu.today/calendar/2026/9,NC,NC,ticket_policy,2026-09-05 03:01:02,[선예매] NC 민트멤버십플러스 9월 7일 월요일 오후 5시 (9/15 LG전) LG vs NC (9/15) 오픈: 9월 7일 월요일 오후 최대 4매 예매처: 구단 홈페이지 / 앱,CONFIRMED,THIRD_PARTY_API,OK,선예매,NC 민트멤버십플러스,,9월 7일 월요일,오후,5시,9/15,LG,LG,NC,LG,NC,4,구단 홈페이지 / 앱
ticket_policy_8a051f08ace9a3cf,ticket_policy_d745f96f8339d1ee,https://yagu.today/calendar/2026/9,삼성,SAMSUNG,ticket_policy,2026-09-05 03:01:02,[일반] 삼성 일반예매 9월 8일 화요일 오전 11시 (9/15) 롯데 vs 삼성 (9/15) 오픈: 9월 8일 화요일 오전 최대 6매 예매처: 티켓링크,CONFIRMED,THIRD_PARTY_API,OK,일반,삼성 일반예매,,9월 8일 화요일,오전,11시,9/15,,롯데,삼성,LOTTE,SAMSUNG,6,티켓링크
ticket_policy_87d73394d0bbf0ce,ticket_policy_a223ff647c6c557f,https://yagu.today/calendar/2026/9,NC,NC,ticket_policy,2026-09-05 03:01:02,[일반] NC 일반예매 9월 8일 화요일 오전 11시 (9/15 LG전) LG vs NC (9/15) 오픈: 9월 8일 화요일 오전 최대 4매 예매처: 구단 홈페이지 / 앱,CONFIRMED,THIRD_PARTY_API,OK,일반,NC 일반예매,,9월 8일 화요일,오전,11시,9/15,LG,LG,NC,LG,NC,4,구단 홈페이지 / 앱
ticket_policy_1bbd7c0ac5af901a,ticket_policy_a223ff647c6c557f,https://yagu.today/calendar/2026/9,NC,NC,ticket_policy,2026-09-05 03:01:02,[선예매] NC 민트멤버십 9월 8일 화요일 오전 11시 (9/15 LG전) LG vs NC (9/15) 오픈: 9월 8일 화요일 오전 최대 4매 예매처: 구단 홈페이지 / 앱,CONFIRMED,THIRD_PARTY_API,OK,선예매,NC 민트멤버십,,9월 8일 화요일,오전,11시,9/15,LG,LG,NC,LG,NC,4,구단 홈페이지 / 앱
ticket_policy_7df05b28a2235e9a,ticket_policy_0cf79dda417ccd7c,https://yagu.today/calendar/2026/9,SSG,SSG,ticket_policy,2026-09-05 03:01:02,"[선예매] SSG 랜디 선예매 9월 8일 화요일 오전 11시 (9/15 KIA전) KIA vs SSG (9/15) 오픈: 9월 8일 화요일 오전 최대 6매 예매처: SSG 랜더스 앱 앱 전용 수수료 없음, 전용게이트 1시간 전 입장",CONFIRMED,THIRD_PARTY_API,OK,선예매,SSG 랜디 선예매,,9월 8일 화요일,오전,11시,9/15,KIA,KIA,SSG,KIA,SSG,6,"SSG 랜더스 앱 앱 전용 수수료 없음, 전용게이트 1시간 전 입장"
ticket_policy_a5905a7100a6d384,ticket_policy_0cf79dda417ccd7c,https://yagu.today/calendar/2026/9,SSG,SSG,ticket_policy,2026-09-05 03:01:02,"[선예매] SSG 베티 선예매 9월 8일 화요일 오전 11시 (9/15 KIA전) KIA vs SSG (9/15) 오픈: 9월 8일 화요일 오전 최대 6매 예매처: SSG 랜더스 앱 앱 전용 수수료 없음, 스타벅스 게이트 이용 가능",CONFIRMED,THIRD_PARTY_API,OK,선예매,SSG 베티 선예매,,9월 8일 화요일,오전,11시,9/15,KIA,KIA,SSG,KIA,SSG,6,"SSG 랜더스 앱 앱 전용 수수료 없음, 스타벅스 게이트 이용 가능"
ticket_policy_a8e70d4ec04bed90,ticket_policy_a4c9323b4a6cc513,https://yagu.today/calendar/2026/9,한화,HANWHA,ticket_policy,2026-09-05 03:01:02,[일반] 한화 일반예매 9월 8일 화요일 오전 11시 (9/15 KT전) KT vs 한화 (9/15) 오픈: 9월 8일 화요일 오전 최대 4매 예매처: 한화이글스 홈페이지 / 티켓링크 앱,CONFIRMED,THIRD_PARTY_API,OK,일반,한화 일반예매,,9월 8일 화요일,오전,11시,9/15,KT,KT,한화,KT,HANWHA,4,한화이글스 홈페이지 / 티켓링크 앱
ticket_policy_b6c22f952384a435,ticket_policy_182c14e05122c9f4,https://yagu.today/calendar/2026/9,NC,NC,ticket_policy,2026-09-05 03:01:02,[선예매] NC 민트멤버십플러스 9월 8일 화요일 오후 5시 (9/16 LG전) LG vs NC (9/16) 오픈: 9월 8일 화요일 오후 최대 4매 예매처: 구단 홈페이지 / 앱,CONFIRMED,THIRD_PARTY_API,OK,선예매,NC 민트멤버십플러스,,9월 8일 화요일,오후,5시,9/16,LG,LG,NC,LG,NC,4,구단 홈페이지 / 앱
ticket_policy_458a7c48a5dd57dd,ticket_policy_00ea11bb2595829b,https://yagu.today/calendar/2026/9,두산,DOOSAN,ticket_policy,2026-09-05 03:01:02,"[선예매] 두산 선예매 (베어스클럽) 9월 9일 수요일 오전 10시 (9/16 삼성전) 삼성 vs 두산 (9/16) 오픈: 9월 9일 수요일 오전 최대 2매 예매처: 구단 홈페이지 성인 대상, 구단 홈페이지만 가능",CONFIRMED,THIRD_PARTY_API,OK,선예매,두산 선예매,베어스클럽,9월 9일 수요일,오전,10시,9/16,삼성,삼성,두산,SAMSUNG,DOOSAN,2,"구단 홈페이지 성인 대상, 구단 홈페이지만 가능"
ticket_policy_05a62e94604958b5,ticket_policy_00ea11bb2595829b,https://yagu.today/calendar/2026/9,두산,DOOSAN,ticket_policy,2026-09-05 03:01:02,"[선예매] 두산 선예매 (두린이클럽) 9월 9일 수요일 오전 10시 (9/16 삼성전) 삼성 vs 두산 (9/16) 오픈: 9월 9일 수요일 오전 최대 4매 예매처: 구단 홈페이지 어린이 대상, 구단 홈페이지만 가능",CONFIRMED,THIRD_PARTY_API,OK,선예매,두산 선예매,두린이클럽,9월 9일 수요일,오전,10시,9/16,삼성,삼성,두산,SAMSUNG,DOOSAN,4,"구단 홈페이지 어린이 대상, 구단 홈페이지만 가능"
ticket_policy_2c677c68e494c689,ticket_policy_a8d6567c2bd592ca,https://yagu.today/calendar/2026/9,KIA,KIA,ticket_policy,2026-09-05 03:01:02,[선예매] KIA 시즌권 선예매 9월 9일 수요일 오전 10시 (9/17 키움전) 키움 vs KIA (9/17) 오픈: 9월 9일 수요일 오전 최대 2매 예매처: 타이거즈앱 앱 전용 등급별 조건 오피셜 미확정 (2026 시즌 공지 대기),CONFIRMED,THIRD_PARTY_API,OK,선예매,KIA 시즌권 선예매,,9월 9일 수요일,오전,10시,9/17,키움,키움,KIA,KIWOOM,KIA,2,타이거즈앱 앱 전용 등급별 조건 오피셜 미확정 (2026 시즌 공지 대기)
ticket_policy_7328a9b46b18057a,ticket_policy_39a303001469abfe,https://yagu.today/calendar/2026/9,KIA,KIA,ticket_policy,2026-09-05 03:01:02,[선예매] KIA 얼리 멤버십 9월 9일 수요일 오전 10시 30분 (9/17 키움전) 키움 vs KIA (9/17) 오픈: 9월 9일 수요일 오전 30분 최대 2매 예매처: 타이거즈앱 앱 전용 일반석 한정,CONFIRMED,THIRD_PARTY_API,OK,선예매,KIA 얼리 멤버십,,9월 9일 수요일,오전,10시 30분,9/17,키움,키움,KIA,KIWOOM,KIA,2,타이거즈앱 앱 전용 일반석 한정
ticket_policy_bd2bb2846058772c,ticket_policy_50d582e6b56fe4a4,https://yagu.today/calendar/2026/9,SSG,SSG,ticket_policy,2026-09-05 03:01:02,"[선예매] SSG 푸리 선예매 9월 9일 수요일 오전 11시 (9/15 KIA전) KIA vs SSG (9/15) 오픈: 9월 9일 수요일 오전 최대 6매 예매처: SSG 랜더스 앱 앱 전용 수수료 없음, 스타벅스 게이트 이용 가능",CONFIRMED,THIRD_PARTY_API,OK,선예매,SSG 푸리 선예매,,9월 9일 수요일,오전,11시,9/15,KIA,KIA,SSG,KIA,SSG,6,"SSG 랜더스 앱 앱 전용 수수료 없음, 스타벅스 게이트 이용 가능"
ticket_policy_32ecf9ede1e9d641,ticket_policy_a7b3b5eda8fe05b9,https://yagu.today/calendar/2026/9,NC,NC,ticket_policy,2026-09-05 03:01:02,[일반] NC 일반예매 9월 9일 수요일 오전 11시 (9/16 LG전) LG vs NC (9/16) 오픈: 9월 9일 수요일 오전 최대 4매 예매처: 구단 홈페이지 / 앱,CONFIRMED,THIRD_PARTY_API,OK,일반,NC 일반예매,,9월 9일 수요일,오전,11시,9/16,LG,LG,NC,LG,NC,4,구단 홈페이지 / 앱
ticket_policy_45c1feb001e51742,ticket_policy_a7b3b5eda8fe05b9,https://yagu.today/calendar/2026/9,NC,NC,ticket_policy,2026-09-05 03:01:02,[선예매] NC 민트멤버십 9월 9일 수요일 오전 11시 (9/16 LG전) LG vs NC (9/16) 오픈: 9월 9일 수요일 오전 최대 4매 예매처: 구단 홈페이지 / 앱,CONFIRMED,THIRD_PARTY_API,OK,선예매,NC 민트멤버십,,9월 9일 수요일,오전,11시,9/16,LG,LG,NC,LG,NC,4,구단 홈페이지 / 앱
ticket_policy_4d9a5e73cdd2a4f4,ticket_policy_94430a66d89617fa,https://yagu.today/calendar/2026/9,두산,DOOSAN,ticket_policy,2026-09-05 03:01:02,[일반] 두산 일반예매 9월 9일 수요일 오전 11시 (9/16 삼성전) 삼성 vs 두산 (9/16) 오픈: 9월 9일 수요일 오전 예매처: 놀티켓 / 구단 홈페이지,CONFIRMED,THIRD_PARTY_API,OK,일반,두산 일반예매,,9월 9일 수요일,오전,11시,9/16,삼성,삼성,두산,SAMSUNG,DOOSAN,,놀티켓 / 구단 홈페이지
ticket_policy_6014674757e89e37,ticket_policy_2d460a11a7a471b3,https://yagu.today/calendar/2026/9,한화,HANWHA,ticket_policy,2026-09-05 03:01:02,[일반] 한화 일반예매 9월 9일 수요일 오전 11시 (9/16 KT전) KT vs 한화 (9/16) 오픈: 9월 9일 수요일 오전 최대 4매 예매처: 한화이글스 홈페이지 / 티켓링크 앱,CONFIRMED,THIRD_PARTY_API,OK,일반,한화 일반예매,,9월 9일 수요일,오전,11시,9/16,KT,KT,한화,KT,HANWHA,4,한화이글스 홈페이지 / 티켓링크 앱
ticket_policy_a3a981a3fabb4c81,ticket_policy_61b68698958d4fb9,https://yagu.today/calendar/2026/9,NC,NC,ticket_policy,2026-09-05 03:01:02,[선예매] NC 민트멤버십플러스 9월 9일 수요일 오후 5시 (9/17 SSG전) SSG vs NC (9/17) 오픈: 9월 9일 수요일 오후 최대 4매 예매처: 구단 홈페이지 / 앱,CONFIRMED,THIRD_PARTY_API,OK,선예매,NC 민트멤버십플러스,,9월 9일 수요일,오후,5시,9/17,SSG,SSG,NC,SSG,NC,4,구단 홈페이지 / 앱
ticket_policy_489cee00dd2ab476,ticket_policy_1719db3056a57eb5,https://yagu.today/calendar/2026/9,SSG,SSG,ticket_policy,2026-09-05 03:01:02,[일반] SSG 일반예매 (프렌즈) 9월 10일 목요일 오전 11시 (9/15 KIA전) KIA vs SSG (9/15) 오픈: 9월 10일 목요일 오전 최대 6매 예매처: 쓱닷컴 앱/웹 스타벅스 게이트 이용 가능,CONFIRMED,THIRD_PARTY_API,OK,일반,SSG 일반예매,프렌즈,9월 10일 목요일,오전,11시,9/15,KIA,KIA,SSG,KIA,SSG,6,쓱닷컴 앱/웹 스타벅스 게이트 이용 가능
ticket_policy_4226792f8b2723c6,ticket_policy_43d15768a75a2fdd,https://yagu.today/calendar/2026/9,KIA,KIA,ticket_policy,2026-09-05 03:01:02,"[일반] KIA 일반예매 9월 10일 목요일 오전 11시 (9/17 키움전) 키움 vs KIA (9/17) 오픈: 9월 10일 목요일 오전 최대 8매 예매처: 티켓링크 / 타이거즈앱 앱/티켓링크앱=특별석 포함, PC 티켓링크=일반석만",CONFIRMED,THIRD_PARTY_API,OK,일반,KIA 일반예매,,9월 10일 목요일,오전,11시,9/17,키움,키움,KIA,KIWOOM,KIA,8,"티켓링크 / 타이거즈앱 앱/티켓링크앱=특별석 포함, PC 티켓링크=일반석만"
ticket_policy_0329a49cb7f07210,ticket_policy_399a93e1cbc0d056,https://yagu.today/calendar/2026/9,NC,NC,ticket_policy,2026-09-05 03:01:02,[일반] NC 일반예매 9월 10일 목요일 오전 11시 (9/17 SSG전) SSG vs NC (9/17) 오픈: 9월 10일 목요일 오전 최대 4매 예매처: 구단 홈페이지 / 앱,CONFIRMED,THIRD_PARTY_API,OK,일반,NC 일반예매,,9월 10일 목요일,오전,11시,9/17,SSG,SSG,NC,SSG,NC,4,구단 홈페이지 / 앱
ticket_policy_fcbaefee3c3c13d3,ticket_policy_399a93e1cbc0d056,https://yagu.today/calendar/2026/9,NC,NC,ticket_policy,2026-09-05 03:01:02,[선예매] NC 민트멤버십 9월 10일 목요일 오전 11시 (9/17 SSG전) SSG vs NC (9/17) 오픈: 9월 10일 목요일 오전 최대 4매 예매처: 구단 홈페이지 / 앱,CONFIRMED,THIRD_PARTY_API,OK,선예매,NC 민트멤버십,,9월 10일 목요일,오전,11시,9/17,SSG,SSG,NC,SSG,NC,4,구단 홈페이지 / 앱
ticket_policy_d65d5cb58278dfb9,ticket_policy_f163669fc13042f9,https://yagu.today/calendar/2026/9,LG,LG,ticket_policy,2026-09-05 03:01:02,[선예매] LG 선선예매 (장기회원) 9월 10일 목요일 오후 2시 (9/19 한화전) 한화 vs LG (9/19) 오픈: 9월 10일 목요일 오후 최대 4매 예매처: 구단 홈페이지 1루 오렌지 불가,CONFIRMED,THIRD_PARTY_API,OK,선예매,LG 선선예매,장기회원,9월 10일 목요일,오후,2시,9/19,한화,한화,LG,HANWHA,LG,4,구단 홈페이지 1루 오렌지 불가
ticket_policy_c4ab86234ff1be38,ticket_policy_982fa8ae47468fbc,https://yagu.today/calendar/2026/9,두산,DOOSAN,ticket_policy,2026-09-05 03:01:02,"[선예매] 두산 선예매 (베어스클럽) 9월 11일 금요일 오전 10시 (9/18 키움전) 키움 vs 두산 (9/18) 오픈: 9월 11일 금요일 오전 최대 2매 예매처: 구단 홈페이지 성인 대상, 구단 홈페이지만 가능",CONFIRMED,THIRD_PARTY_API,OK,선예매,두산 선예매,베어스클럽,9월 11일 금요일,오전,10시,9/18,키움,키움,두산,KIWOOM,DOOSAN,2,"구단 홈페이지 성인 대상, 구단 홈페이지만 가능"
ticket_policy_8770bfc6ddf2a799,ticket_policy_982fa8ae47468fbc,https://yagu.today/calendar/2026/9,두산,DOOSAN,ticket_policy,2026-09-05 03:01:02,"[선예매] 두산 선예매 (두린이클럽) 9월 11일 금요일 오전 10시 (9/18 키움전) 키움 vs 두산 (9/18) 오픈: 9월 11일 금요일 오전 최대 4매 예매처: 구단 홈페이지 어린이 대상, 구단 홈페이지만 가능",CONFIRMED,THIRD_PARTY_API,OK,선예매,두산 선예매,두린이클럽,9월 11일 금요일,오전,10시,9/18,키움,키움,두산,KIWOOM,DOOSAN,4,"구단 홈페이지 어린이 대상, 구단 홈페이지만 가능"
ticket_policy_1cca905db91d0fa3,ticket_policy_5cc65cdf94f56fb3,https://yagu.today/calendar/2026/9,두산,DOOSAN,ticket_policy,2026-09-05 03:01:02,[일반] 두산 일반예매 9월 11일 금요일 오전 11시 (9/18 키움전) 키움 vs 두산 (9/18) 오픈: 9월 11일 금요일 오전 예매처: 놀티켓 / 구단 홈페이지,CONFIRMED,THIRD_PARTY_API,OK,일반,두산 일반예매,,9월 11일 금요일,오전,11시,9/18,키움,키움,두산,KIWOOM,DOOSAN,,놀티켓 / 구단 홈페이지
ticket_policy_b42093de1a018e91,ticket_policy_5a7649028384ad1f,https://yagu.today/calendar/2026/9,한화,HANWHA,ticket_policy,2026-09-05 03:01:02,[일반] 한화 일반예매 9월 11일 금요일 오전 11시 (9/18 삼성전) 삼성 vs 한화 (9/18) 오픈: 9월 11일 금요일 오전 최대 4매 예매처: 한화이글스 홈페이지 / 티켓링크 앱,CONFIRMED,THIRD_PARTY_API,OK,일반,한화 일반예매,,9월 11일 금요일,오전,11시,9/18,삼성,삼성,한화,SAMSUNG,HANWHA,4,한화이글스 홈페이지 / 티켓링크 앱
ticket_policy_dc5834d04aa996bb,ticket_policy_a7054a21fa90739d,https://yagu.today/calendar/2026/9,KT,KT,ticket_policy,2026-09-05 03:01:02,[선예매] KT 시즌권 선예매 9월 11일 금요일 오후 1시 (9/18 LG전) LG vs KT (9/18) 오픈: 9월 11일 금요일 오후 최대 2매 예매처: 티켓링크 / WIZ APP,CONFIRMED,THIRD_PARTY_API,OK,선예매,KT 시즌권 선예매,,9월 11일 금요일,오후,1시,9/18,LG,LG,KT,LG,KT,2,티켓링크 / WIZ APP
ticket_policy_b160a8dc90dd1272,ticket_policy_bd46583f5d2b2cb0,https://yagu.today/calendar/2026/9,KT,KT,ticket_policy,2026-09-05 03:01:02,"[선예매] KT 매직회원 9월 11일 금요일 오후 2시 (9/18 LG전) LG vs KT (9/18) 오픈: 9월 11일 금요일 오후 예매처: 티켓링크 / WIZ APP 시즌 6매, 응원지정석만",CONFIRMED,THIRD_PARTY_API,OK,선예매,KT 매직회원,,9월 11일 금요일,오후,2시,9/18,LG,LG,KT,LG,KT,,"티켓링크 / WIZ APP 시즌 6매, 응원지정석만"
ticket_policy_000a7efd08d3e257,ticket_policy_bd46583f5d2b2cb0,https://yagu.today/calendar/2026/9,KT,KT,ticket_policy,2026-09-05 03:01:02,[선예매] KT 빅또리 9월 11일 금요일 오후 2시 (9/18 LG전) LG vs KT (9/18) 오픈: 9월 11일 금요일 오후 예매처: 티켓링크 / WIZ APP 시즌 10매,CONFIRMED,THIRD_PARTY_API,OK,선예매,KT 빅또리,,9월 11일 금요일,오후,2시,9/18,LG,LG,KT,LG,KT,,티켓링크 / WIZ APP 시즌 10매
ticket_policy_b982fff5d47ce28a,ticket_policy_043601373ac98ee6,https://yagu.today/calendar/2026/9,LG,LG,ticket_policy,2026-09-05 03:01:02,"[선예매] LG 선예매 9월 11일 금요일 오후 2시 (9/19 한화전) 한화 vs LG (9/19) 오픈: 9월 11일 금요일 오후 최대 4매 예매처: 구단 홈페이지 구단 홈페이지만. 불가: 1루 블루 109, 1루 오렌지 205, 1루 레드 203, 1루 네이비 303/308, 3루 오렌지 219~222, 3루 네이비 326~330",CONFIRMED,THIRD_PARTY_API,OK,선예매,LG 선예매,,9월 11일 금요일,오후,2시,9/19,한화,한화,LG,HANWHA,LG,4,"구단 홈페이지 구단 홈페이지만. 불가: 1루 블루 109, 1루 오렌지 205, 1루 레드 203, 1루 네이비 303/308, 3루 오렌지 219~222, 3루 네이비 326~330"
ticket_policy_1cd390b9ef6a96a3,ticket_policy_043601373ac98ee6,https://yagu.today/calendar/2026/9,LG,LG,ticket_policy,2026-09-05 03:01:02,[선예매] LG 선선예매 (장기회원) 9월 11일 금요일 오후 2시 (9/20 한화전) 한화 vs LG (9/20) 오픈: 9월 11일 금요일 오후 최대 4매 예매처: 구단 홈페이지 1루 오렌지 불가,CONFIRMED,THIRD_PARTY_API,OK,선예매,LG 선선예매,장기회원,9월 11일 금요일,오후,2시,9/20,한화,한화,LG,HANWHA,LG,4,구단 홈페이지 1루 오렌지 불가
ticket_policy_68c09cf4e40da41c,ticket_policy_a2572a8cce3e00a8,https://yagu.today/calendar/2026/9,KT,KT,ticket_policy,2026-09-05 03:01:02,[일반] KT 일반예매 9월 11일 금요일 오후 4시 (9/18 LG전) LG vs KT (9/18) 오픈: 9월 11일 금요일 오후 예매처: 티켓링크 / WIZ APP,CONFIRMED,THIRD_PARTY_API,OK,일반,KT 일반예매,,9월 11일 금요일,오후,4시,9/18,LG,LG,KT,LG,KT,,티켓링크 / WIZ APP
ticket_policy_824e1ee934b96b1d,ticket_policy_d5572570210421b4,https://yagu.today/calendar/2026/9,NC,NC,ticket_policy,2026-09-05 03:01:02,[선예매] NC 민트멤버십플러스 9월 11일 금요일 오후 5시 (9/19 KIA전) KIA vs NC (9/19) 오픈: 9월 11일 금요일 오후 최대 4매 예매처: 구단 홈페이지 / 앱,CONFIRMED,THIRD_PARTY_API,OK,선예매,NC 민트멤버십플러스,,9월 11일 금요일,오후,5시,9/19,KIA,KIA,NC,KIA,NC,4,구단 홈페이지 / 앱
ticket_policy_f67f41bf4616723e,ticket_policy_19c86dcb940f592e,https://yagu.today/calendar/2026/9,LG,LG,ticket_policy,2026-09-05 03:01:02,[일반] LG 일반예매 9월 12일 토요일 오전 11시 (9/19 한화전) 한화 vs LG (9/19) 오픈: 9월 12일 토요일 오전 예매처: 티켓링크 / 구단 홈페이지,CONFIRMED,THIRD_PARTY_API,OK,일반,LG 일반예매,,9월 12일 토요일,오전,11시,9/19,한화,한화,LG,HANWHA,LG,,티켓링크 / 구단 홈페이지
ticket_policy_7b53c154372f0f15,ticket_policy_a5c256d0c7da6665,https://yagu.today/calendar/2026/9,NC,NC,ticket_policy,2026-09-05 03:01:02,[일반] NC 일반예매 9월 12일 토요일 오전 11시 (9/19 KIA전) KIA vs NC (9/19) 오픈: 9월 12일 토요일 오전 최대 4매 예매처: 구단 홈페이지 / 앱,CONFIRMED,THIRD_PARTY_API,OK,일반,NC 일반예매,,9월 12일 토요일,오전,11시,9/19,KIA,KIA,NC,KIA,NC,4,구단 홈페이지 / 앱
ticket_policy_098e29dacb73f3a3,ticket_policy_a5c256d0c7da6665,https://yagu.today/calendar/2026/9,NC,NC,ticket_policy,2026-09-05 03:01:02,[선예매] NC 민트멤버십 9월 12일 토요일 오전 11시 (9/19 KIA전) KIA vs NC (9/19) 오픈: 9월 12일 토요일 오전 최대 4매 예매처: 구단 홈페이지 / 앱,CONFIRMED,THIRD_PARTY_API,OK,선예매,NC 민트멤버십,,9월 12일 토요일,오전,11시,9/19,KIA,KIA,NC,KIA,NC,4,구단 홈페이지 / 앱
ticket_policy_88f0de36f303e872,ticket_policy_4aa59be68c2017fc,https://yagu.today/calendar/2026/9,KT,KT,ticket_policy,2026-09-05 03:01:02,[선예매] KT 시즌권 선예매 9월 12일 토요일 오후 1시 (9/19 두산전) 두산 vs KT (9/19) 오픈: 9월 12일 토요일 오후 최대 2매 예매처: 티켓링크 / WIZ APP,CONFIRMED,THIRD_PARTY_API,OK,선예매,KT 시즌권 선예매,,9월 12일 토요일,오후,1시,9/19,두산,두산,KT,DOOSAN,KT,2,티켓링크 / WIZ APP
ticket_policy_9ce750f8357290af,ticket_policy_6ee38f92c249ca88,https://yagu.today/calendar/2026/9,KT,KT,ticket_policy,2026-09-05 03:01:02,"[선예매] KT 매직회원 9월 12일 토요일 오후 2시 (9/19 두산전) 두산 vs KT (9/19) 오픈: 9월 12일 토요일 오후 예매처: 티켓링크 / WIZ APP 시즌 6매, 응원지정석만",CONFIRMED,THIRD_PARTY_API,OK,선예매,KT 매직회원,,9월 12일 토요일,오후,2시,9/19,두산,두산,KT,DOOSAN,KT,,"티켓링크 / WIZ APP 시즌 6매, 응원지정석만"
ticket_policy_2a99cd8ccca133bb,ticket_policy_6ee38f92c249ca88,https://yagu.today/calendar/2026/9,KT,KT,ticket_policy,2026-09-05 03:01:02,[선예매] KT 빅또리 9월 12일 토요일 오후 2시 (9/19 두산전) 두산 vs KT (9/19) 오픈: 9월 12일 토요일 오후 예매처: 티켓링크 / WIZ APP 시즌 10매,CONFIRMED,THIRD_PARTY_API,OK,선예매,KT 빅또리,,9월 12일 토요일,오후,2시,9/19,두산,두산,KT,DOOSAN,KT,,티켓링크 / WIZ APP 시즌 10매
ticket_policy_083f8f2280d975c5,ticket_policy_6b95cc296272887f,https://yagu.today/calendar/2026/9,LG,LG,ticket_policy,2026-09-05 03:01:02,"[선예매] LG 선예매 9월 12일 토요일 오후 2시 (9/20 한화전) 한화 vs LG (9/20) 오픈: 9월 12일 토요일 오후 최대 4매 예매처: 구단 홈페이지 구단 홈페이지만. 불가: 1루 블루 109, 1루 오렌지 205, 1루 레드 203, 1루 네이비 303/308, 3루 오렌지 219~222, 3루 네이비 326~330",CONFIRMED,THIRD_PARTY_API,OK,선예매,LG 선예매,,9월 12일 토요일,오후,2시,9/20,한화,한화,LG,HANWHA,LG,4,"구단 홈페이지 구단 홈페이지만. 불가: 1루 블루 109, 1루 오렌지 205, 1루 레드 203, 1루 네이비 303/308, 3루 오렌지 219~222, 3루 네이비 326~330"
ticket_policy_fd129e2260e5cf41,ticket_policy_ed5fdfb4f8a30f28,https://yagu.today/calendar/2026/9,KT,KT,ticket_policy,2026-09-05 03:01:02,[일반] KT 일반예매 9월 12일 토요일 오후 4시 (9/19 두산전) 두산 vs KT (9/19) 오픈: 9월 12일 토요일 오후 예매처: 티켓링크 / WIZ APP,CONFIRMED,THIRD_PARTY_API,OK,일반,KT 일반예매,,9월 12일 토요일,오후,4시,9/19,두산,두산,KT,DOOSAN,KT,,티켓링크 / WIZ APP
ticket_policy_65c2da7a6f2bc0d6,ticket_policy_8322ef0af6821dc7,https://yagu.today/calendar/2026/9,NC,NC,ticket_policy,2026-09-05 03:01:02,[선예매] NC 민트멤버십플러스 9월 12일 토요일 오후 5시 (9/20 KIA전) KIA vs NC (9/20) 오픈: 9월 12일 토요일 오후 최대 4매 예매처: 구단 홈페이지 / 앱,CONFIRMED,THIRD_PARTY_API,OK,선예매,NC 민트멤버십플러스,,9월 12일 토요일,오후,5시,9/20,KIA,KIA,NC,KIA,NC,4,구단 홈페이지 / 앱
ticket_policy_da49c8ae14c7e937,ticket_policy_bb548615569effdb,https://yagu.today/calendar/2026/9,롯데,LOTTE,ticket_policy,2026-09-05 03:01:02,[선예매] 롯데 선예매 (시즌권) 9월 13일 일요일 오전 10시 (9/27 한화전) 한화 vs 롯데 (9/27) 오픈: 9월 13일 일요일 오전 최대 2매 예매처: 롯데 자이언츠 앱/웹,CONFIRMED,THIRD_PARTY_API,OK,선예매,롯데 선예매,시즌권,9월 13일 일요일,오전,10시,9/27,한화,한화,롯데,HANWHA,LOTTE,2,롯데 자이언츠 앱/웹
ticket_policy_fc756b03e24f3310,ticket_policy_bb548615569effdb,https://yagu.today/calendar/2026/9,롯데,LOTTE,ticket_policy,2026-09-05 03:01:02,[선예매] 롯데 선예매 (멤버십) 9월 13일 일요일 오전 10시 (9/27 한화전) 한화 vs 롯데 (9/27) 오픈: 9월 13일 일요일 오전 최대 2매 예매처: 롯데 자이언츠 앱/웹,CONFIRMED,THIRD_PARTY_API,OK,선예매,롯데 선예매,멤버십,9월 13일 일요일,오전,10시,9/27,한화,한화,롯데,HANWHA,LOTTE,2,롯데 자이언츠 앱/웹
ticket_policy_d8c5f77a749788eb,ticket_policy_8a81c89fe008c135,https://yagu.today/calendar/2026/9,LG,LG,ticket_policy,2026-09-05 03:01:02,[일반] LG 일반예매 9월 13일 일요일 오전 11시 (9/20 한화전) 한화 vs LG (9/20) 오픈: 9월 13일 일요일 오전 예매처: 티켓링크 / 구단 홈페이지,CONFIRMED,THIRD_PARTY_API,OK,일반,LG 일반예매,,9월 13일 일요일,오전,11시,9/20,한화,한화,LG,HANWHA,LG,,티켓링크 / 구단 홈페이지
ticket_policy_e20ed2f3fe820c73,ticket_policy_ce7629b147061197,https://yagu.today/calendar/2026/9,NC,NC,ticket_policy,2026-09-05 03:01:02,[일반] NC 일반예매 9월 13일 일요일 오전 11시 (9/20 KIA전) KIA vs NC (9/20) 오픈: 9월 13일 일요일 오전 최대 4매 예매처: 구단 홈페이지 / 앱,CONFIRMED,THIRD_PARTY_API,OK,일반,NC 일반예매,,9월 13일 일요일,오전,11시,9/20,KIA,KIA,NC,KIA,NC,4,구단 홈페이지 / 앱
ticket_policy_90a2a01cfee138fb,ticket_policy_ce7629b147061197,https://yagu.today/calendar/2026/9,NC,NC,ticket_policy,2026-09-05 03:01:02,[선예매] NC 민트멤버십 9월 13일 일요일 오전 11시 (9/20 KIA전) KIA vs NC (9/20) 오픈: 9월 13일 일요일 오전 최대 4매 예매처: 구단 홈페이지 / 앱,CONFIRMED,THIRD_PARTY_API,OK,선예매,NC 민트멤버십,,9월 13일 일요일,오전,11시,9/20,KIA,KIA,NC,KIA,NC,4,구단 홈페이지 / 앱
ticket_policy_490d44f62c16a67d,ticket_policy_228dda3135166dfb,https://yagu.today/calendar/2026/9,SSG,SSG,ticket_policy,2026-09-05 03:01:02,"[선예매] SSG 랜디 선예매 9월 13일 일요일 오전 11시 (9/20 키움전) 키움 vs SSG (9/20) 오픈: 9월 13일 일요일 오전 최대 6매 예매처: SSG 랜더스 앱 앱 전용 수수료 없음, 전용게이트 1시간 전 입장",CONFIRMED,THIRD_PARTY_API,OK,선예매,SSG 랜디 선예매,,9월 13일 일요일,오전,11시,9/20,키움,키움,SSG,KIWOOM,SSG,6,"SSG 랜더스 앱 앱 전용 수수료 없음, 전용게이트 1시간 전 입장"
ticket_policy_936607dc116eedb0,ticket_policy_228dda3135166dfb,https://yagu.today/calendar/2026/9,SSG,SSG,ticket_policy,2026-09-05 03:01:02,"[선예매] SSG 베티 선예매 9월 13일 일요일 오전 11시 (9/20 키움전) 키움 vs SSG (9/20) 오픈: 9월 13일 일요일 오전 최대 6매 예매처: SSG 랜더스 앱 앱 전용 수수료 없음, 스타벅스 게이트 이용 가능",CONFIRMED,THIRD_PARTY_API,OK,선예매,SSG 베티 선예매,,9월 13일 일요일,오전,11시,9/20,키움,키움,SSG,KIWOOM,SSG,6,"SSG 랜더스 앱 앱 전용 수수료 없음, 스타벅스 게이트 이용 가능"
ticket_policy_c45a72939c52da8c,ticket_policy_ac0c4350e917b4f7,https://yagu.today/calendar/2026/9,KT,KT,ticket_policy,2026-09-05 03:01:02,[선예매] KT 시즌권 선예매 9월 13일 일요일 오후 1시 (9/20 두산전) 두산 vs KT (9/20) 오픈: 9월 13일 일요일 오후 최대 2매 예매처: 티켓링크 / WIZ APP,CONFIRMED,THIRD_PARTY_API,OK,선예매,KT 시즌권 선예매,,9월 13일 일요일,오후,1시,9/20,두산,두산,KT,DOOSAN,KT,2,티켓링크 / WIZ APP
ticket_policy_0746cba8e4d47c91,ticket_policy_ded03cec0b3dfa9e,https://yagu.today/calendar/2026/9,KT,KT,ticket_policy,2026-09-05 03:01:02,"[선예매] KT 매직회원 9월 13일 일요일 오후 2시 (9/20 두산전) 두산 vs KT (9/20) 오픈: 9월 13일 일요일 오후 예매처: 티켓링크 / WIZ APP 시즌 6매, 응원지정석만",CONFIRMED,THIRD_PARTY_API,OK,선예매,KT 매직회원,,9월 13일 일요일,오후,2시,9/20,두산,두산,KT,DOOSAN,KT,,"티켓링크 / WIZ APP 시즌 6매, 응원지정석만"
ticket_policy_d8eba234dbf60787,ticket_policy_ded03cec0b3dfa9e,https://yagu.today/calendar/2026/9,KT,KT,ticket_policy,2026-09-05 03:01:02,[선예매] KT 빅또리 9월 13일 일요일 오후 2시 (9/20 두산전) 두산 vs KT (9/20) 오픈: 9월 13일 일요일 오후 예매처: 티켓링크 / WIZ APP 시즌 10매,CONFIRMED,THIRD_PARTY_API,OK,선예매,KT 빅또리,,9월 13일 일요일,오후,2시,9/20,두산,두산,KT,DOOSAN,KT,,티켓링크 / WIZ APP 시즌 10매
ticket_policy_e4ca8c8dea79e671,ticket_policy_939a2ac302c79ef7,https://yagu.today/calendar/2026/9,롯데,LOTTE,ticket_policy,2026-09-05 03:01:02,[일반] 롯데 일반예매 9월 13일 일요일 오후 2시 (9/27 한화전) 한화 vs 롯데 (9/27) 오픈: 9월 13일 일요일 오후 최대 8매 예매처: 롯데 자이언츠 앱/웹 선예매 포함 합산 최대 8매. 홈개막 시리즈 한해 앱 전용 (추가 공지),CONFIRMED,THIRD_PARTY_API,OK,일반,롯데 일반예매,,9월 13일 일요일,오후,2시,9/27,한화,한화,롯데,HANWHA,LOTTE,8,롯데 자이언츠 앱/웹 선예매 포함 합산 최대 8매. 홈개막 시리즈 한해 앱 전용 (추가 공지)
ticket_policy_f99f35bff3ceea14,ticket_policy_d56eba13d3d3b079,https://yagu.today/calendar/2026/9,KT,KT,ticket_policy,2026-09-05 03:01:02,[일반] KT 일반예매 9월 13일 일요일 오후 4시 (9/20 두산전) 두산 vs KT (9/20) 오픈: 9월 13일 일요일 오후 예매처: 티켓링크 / WIZ APP,CONFIRMED,THIRD_PARTY_API,OK,일반,KT 일반예매,,9월 13일 일요일,오후,4시,9/20,두산,두산,KT,DOOSAN,KT,,티켓링크 / WIZ APP
ticket_policy_bcd7d8a2977134e8,ticket_policy_2baa828422a167df,https://yagu.today/calendar/2026/9,삼성,SAMSUNG,ticket_policy,2026-09-05 03:01:02,"[선예매] 삼성 선예매 (블루 멤버십) 9월 14일 월요일 오전 11시 (9/22) NC vs 삼성 (9/22) 오픈: 9월 14일 월요일 오전 최대 4매 예매처: 구단 홈페이지 (블루 멤버십) 블루 멤버십 전용 (구단 홈페이지). 골드: 전좌석(특화좌석 제외, 3루내야석 보장) / 실버: SKY중앙, 블루존, 상하단 지정석, 외야지정석 (블루존 70%)",CONFIRMED,THIRD_PARTY_API,OK,선예매,삼성 선예매,블루 멤버십,9월 14일 월요일,오전,11시,9/22,,NC,삼성,NC,SAMSUNG,4,"구단 홈페이지 (블루 멤버십) 블루 멤버십 전용 (구단 홈페이지). 골드: 전좌석(특화좌석 제외, 3루내야석 보장) / 실버: SKY중앙, 블루존, 상하단 지정석, 외야지정석 (블루존 70%)"
ticket_policy_c0ec46504f1cdbbf,ticket_policy_21fc1793533b9279,https://yagu.today/calendar/2026/9,SSG,SSG,ticket_policy,2026-09-05 03:01:02,"[선예매] SSG 푸리 선예매 9월 14일 월요일 오전 11시 (9/20 키움전) 키움 vs SSG (9/20) 오픈: 9월 14일 월요일 오전 최대 6매 예매처: SSG 랜더스 앱 앱 전용 수수료 없음, 스타벅스 게이트 이용 가능",CONFIRMED,THIRD_PARTY_API,OK,선예매,SSG 푸리 선예매,,9월 14일 월요일,오전,11시,9/20,키움,키움,SSG,KIWOOM,SSG,6,"SSG 랜더스 앱 앱 전용 수수료 없음, 스타벅스 게이트 이용 가능"
ticket_policy_52df10a8f66b0708,ticket_policy_42b26d8b480afc1c,https://yagu.today/calendar/2026/9,롯데,LOTTE,ticket_policy,2026-09-05 03:01:02,[선예매] 롯데 선예매 (시즌권) 9월 15일 화요일 오전 10시 (9/29 키움전) 키움 vs 롯데 (9/29) 오픈: 9월 15일 화요일 오전 최대 2매 예매처: 롯데 자이언츠 앱/웹,CONFIRMED,THIRD_PARTY_API,OK,선예매,롯데 선예매,시즌권,9월 15일 화요일,오전,10시,9/29,키움,키움,롯데,KIWOOM,LOTTE,2,롯데 자이언츠 앱/웹
ticket_policy_40b4c0105698e31e,ticket_policy_42b26d8b480afc1c,https://yagu.today/calendar/2026/9,롯데,LOTTE,ticket_policy,2026-09-05 03:01:02,[선예매] 롯데 선예매 (멤버십) 9월 15일 화요일 오전 10시 (9/29 키움전) 키움 vs 롯데 (9/29) 오픈: 9월 15일 화요일 오전 최대 2매 예매처: 롯데 자이언츠 앱/웹,CONFIRMED,THIRD_PARTY_API,OK,선예매,롯데 선예매,멤버십,9월 15일 화요일,오전,10시,9/29,키움,키움,롯데,KIWOOM,LOTTE,2,롯데 자이언츠 앱/웹
ticket_policy_e2908cf86ce01913,ticket_policy_8d7a290ab95e2ae7,https://yagu.today/calendar/2026/9,삼성,SAMSUNG,ticket_policy,2026-09-05 03:01:02,[일반] 삼성 일반예매 9월 15일 화요일 오전 11시 (9/22) NC vs 삼성 (9/22) 오픈: 9월 15일 화요일 오전 최대 6매 예매처: 티켓링크,CONFIRMED,THIRD_PARTY_API,OK,일반,삼성 일반예매,,9월 15일 화요일,오전,11시,9/22,,NC,삼성,NC,SAMSUNG,6,티켓링크
ticket_policy_bffccacd776655ea,ticket_policy_8ce5e0107d6d1bd1,https://yagu.today/calendar/2026/9,SSG,SSG,ticket_policy,2026-09-05 03:01:02,[일반] SSG 일반예매 (프렌즈) 9월 15일 화요일 오전 11시 (9/20 키움전) 키움 vs SSG (9/20) 오픈: 9월 15일 화요일 오전 최대 6매 예매처: 쓱닷컴 앱/웹 스타벅스 게이트 이용 가능,CONFIRMED,THIRD_PARTY_API,OK,일반,SSG 일반예매,프렌즈,9월 15일 화요일,오전,11시,9/20,키움,키움,SSG,KIWOOM,SSG,6,쓱닷컴 앱/웹 스타벅스 게이트 이용 가능
ticket_policy_77f79db799a9b074,ticket_policy_e438f3f77b17558c,https://yagu.today/calendar/2026/9,SSG,SSG,ticket_policy,2026-09-05 03:01:02,"[선예매] SSG 랜디 선예매 9월 15일 화요일 오전 11시 (9/22 KT전) KT vs SSG (9/22) 오픈: 9월 15일 화요일 오전 최대 6매 예매처: SSG 랜더스 앱 앱 전용 수수료 없음, 전용게이트 1시간 전 입장",CONFIRMED,THIRD_PARTY_API,OK,선예매,SSG 랜디 선예매,,9월 15일 화요일,오전,11시,9/22,KT,KT,SSG,KT,SSG,6,"SSG 랜더스 앱 앱 전용 수수료 없음, 전용게이트 1시간 전 입장"
ticket_policy_ed2f8935f8bf155c,ticket_policy_e438f3f77b17558c,https://yagu.today/calendar/2026/9,SSG,SSG,ticket_policy,2026-09-05 03:01:02,"[선예매] SSG 베티 선예매 9월 15일 화요일 오전 11시 (9/22 KT전) KT vs SSG (9/22) 오픈: 9월 15일 화요일 오전 최대 6매 예매처: SSG 랜더스 앱 앱 전용 수수료 없음, 스타벅스 게이트 이용 가능",CONFIRMED,THIRD_PARTY_API,OK,선예매,SSG 베티 선예매,,9월 15일 화요일,오전,11시,9/22,KT,KT,SSG,KT,SSG,6,"SSG 랜더스 앱 앱 전용 수수료 없음, 스타벅스 게이트 이용 가능"
ticket_policy_46145a55e69340df,ticket_policy_70b629b39c817c66,https://yagu.today/calendar/2026/9,키움,KIWOOM,ticket_policy,2026-09-05 03:01:02,[선예매] 키움 시즌권 선예매 9월 15일 화요일 오전 11시 (9/22 두산전) 두산 vs 키움 (9/22) 오픈: 9월 15일 화요일 오전 최대 4매 예매처: 놀티켓,CONFIRMED,THIRD_PARTY_API,OK,선예매,키움 시즌권 선예매,,9월 15일 화요일,오전,11시,9/22,두산,두산,키움,DOOSAN,KIWOOM,4,놀티켓
ticket_policy_f2e4591174c47dd8,ticket_policy_80128b18a89da63d,https://yagu.today/calendar/2026/9,한화,HANWHA,ticket_policy,2026-09-05 03:01:02,[일반] 한화 일반예매 9월 15일 화요일 오전 11시 (9/22 롯데전) 롯데 vs 한화 (9/22) 오픈: 9월 15일 화요일 오전 최대 4매 예매처: 한화이글스 홈페이지 / 티켓링크 앱,CONFIRMED,THIRD_PARTY_API,OK,일반,한화 일반예매,,9월 15일 화요일,오전,11시,9/22,롯데,롯데,한화,LOTTE,HANWHA,4,한화이글스 홈페이지 / 티켓링크 앱
ticket_policy_29e36492c5a90086,ticket_policy_a619121db54e99db,https://yagu.today/calendar/2026/9,키움,KIWOOM,ticket_policy,2026-09-05 03:01:02,[선예매] 키움 멤버십 9월 15일 화요일 오후 12시 (9/22 두산전) 두산 vs 키움 (9/22) 오픈: 9월 15일 화요일 오후 최대 2매 예매처: 놀티켓,CONFIRMED,THIRD_PARTY_API,OK,선예매,키움 멤버십,,9월 15일 화요일,오후,12시,9/22,두산,두산,키움,DOOSAN,KIWOOM,2,놀티켓
ticket_policy_6306d5a24868f444,ticket_policy_6bc6a608877d1139,https://yagu.today/calendar/2026/9,키움,KIWOOM,ticket_policy,2026-09-05 03:01:02,[일반] 키움 일반예매 9월 15일 화요일 오후 2시 (9/22 두산전) 두산 vs 키움 (9/22) 오픈: 9월 15일 화요일 오후 예매처: 놀티켓,CONFIRMED,THIRD_PARTY_API,OK,일반,키움 일반예매,,9월 15일 화요일,오후,2시,9/22,두산,두산,키움,DOOSAN,KIWOOM,,놀티켓
ticket_policy_d402cfd634897a09,ticket_policy_ce645a5f0370536c,https://yagu.today/calendar/2026/9,LG,LG,ticket_policy,2026-09-05 03:01:02,[선예매] LG 선선예매 (장기회원) 9월 15일 화요일 오후 2시 (9/24 롯데전) 롯데 vs LG (9/24) 오픈: 9월 15일 화요일 오후 최대 4매 예매처: 구단 홈페이지 1루 오렌지 불가,CONFIRMED,THIRD_PARTY_API,OK,선예매,LG 선선예매,장기회원,9월 15일 화요일,오후,2시,9/24,롯데,롯데,LG,LOTTE,LG,4,구단 홈페이지 1루 오렌지 불가
ticket_policy_7ba34c7fdf8a98bb,ticket_policy_f655541edb9ed62d,https://yagu.today/calendar/2026/9,롯데,LOTTE,ticket_policy,2026-09-05 03:01:02,[일반] 롯데 일반예매 9월 15일 화요일 오후 2시 (9/29 키움전) 키움 vs 롯데 (9/29) 오픈: 9월 15일 화요일 오후 최대 8매 예매처: 롯데 자이언츠 앱/웹 선예매 포함 합산 최대 8매. 홈개막 시리즈 한해 앱 전용 (추가 공지),CONFIRMED,THIRD_PARTY_API,OK,일반,롯데 일반예매,,9월 15일 화요일,오후,2시,9/29,키움,키움,롯데,KIWOOM,LOTTE,8,롯데 자이언츠 앱/웹 선예매 포함 합산 최대 8매. 홈개막 시리즈 한해 앱 전용 (추가 공지)
ticket_policy_92cf1a451999d71a,ticket_policy_b34277454495bc58,https://yagu.today/calendar/2026/9,두산,DOOSAN,ticket_policy,2026-09-05 03:01:02,"[선예매] 두산 선예매 (베어스클럽) 9월 16일 수요일 오전 10시 (9/23 KIA전) KIA vs 두산 (9/23) 오픈: 9월 16일 수요일 오전 최대 2매 예매처: 구단 홈페이지 성인 대상, 구단 홈페이지만 가능",CONFIRMED,THIRD_PARTY_API,OK,선예매,두산 선예매,베어스클럽,9월 16일 수요일,오전,10시,9/23,KIA,KIA,두산,KIA,DOOSAN,2,"구단 홈페이지 성인 대상, 구단 홈페이지만 가능"
ticket_policy_626eac3064a3348b,ticket_policy_b34277454495bc58,https://yagu.today/calendar/2026/9,두산,DOOSAN,ticket_policy,2026-09-05 03:01:02,"[선예매] 두산 선예매 (두린이클럽) 9월 16일 수요일 오전 10시 (9/23 KIA전) KIA vs 두산 (9/23) 오픈: 9월 16일 수요일 오전 최대 4매 예매처: 구단 홈페이지 어린이 대상, 구단 홈페이지만 가능",CONFIRMED,THIRD_PARTY_API,OK,선예매,두산 선예매,두린이클럽,9월 16일 수요일,오전,10시,9/23,KIA,KIA,두산,KIA,DOOSAN,4,"구단 홈페이지 어린이 대상, 구단 홈페이지만 가능"
ticket_policy_68ca3ed8264e98c3,ticket_policy_905e683d06803441,https://yagu.today/calendar/2026/9,롯데,LOTTE,ticket_policy,2026-09-05 03:01:02,[선예매] 롯데 선예매 (시즌권) 9월 16일 수요일 오전 10시 (9/30 키움전) 키움 vs 롯데 (9/30) 오픈: 9월 16일 수요일 오전 최대 2매 예매처: 롯데 자이언츠 앱/웹,CONFIRMED,THIRD_PARTY_API,OK,선예매,롯데 선예매,시즌권,9월 16일 수요일,오전,10시,9/30,키움,키움,롯데,KIWOOM,LOTTE,2,롯데 자이언츠 앱/웹
ticket_policy_a287bc172b264354,ticket_policy_905e683d06803441,https://yagu.today/calendar/2026/9,롯데,LOTTE,ticket_policy,2026-09-05 03:01:02,[선예매] 롯데 선예매 (멤버십) 9월 16일 수요일 오전 10시 (9/30 키움전) 키움 vs 롯데 (9/30) 오픈: 9월 16일 수요일 오전 최대 2매 예매처: 롯데 자이언츠 앱/웹,CONFIRMED,THIRD_PARTY_API,OK,선예매,롯데 선예매,멤버십,9월 16일 수요일,오전,10시,9/30,키움,키움,롯데,KIWOOM,LOTTE,2,롯데 자이언츠 앱/웹
ticket_policy_75b80dedbf036cfc,ticket_policy_fe4bf165aedcd396,https://yagu.today/calendar/2026/9,SSG,SSG,ticket_policy,2026-09-05 03:01:02,"[선예매] SSG 푸리 선예매 9월 16일 수요일 오전 11시 (9/22 KT전) KT vs SSG (9/22) 오픈: 9월 16일 수요일 오전 최대 6매 예매처: SSG 랜더스 앱 앱 전용 수수료 없음, 스타벅스 게이트 이용 가능",CONFIRMED,THIRD_PARTY_API,OK,선예매,SSG 푸리 선예매,,9월 16일 수요일,오전,11시,9/22,KT,KT,SSG,KT,SSG,6,"SSG 랜더스 앱 앱 전용 수수료 없음, 스타벅스 게이트 이용 가능"
ticket_policy_0df21080359147de,ticket_policy_4a6036a7c01b1a79,https://yagu.today/calendar/2026/9,두산,DOOSAN,ticket_policy,2026-09-05 03:01:02,[일반] 두산 일반예매 9월 16일 수요일 오전 11시 (9/23 KIA전) KIA vs 두산 (9/23) 오픈: 9월 16일 수요일 오전 예매처: 놀티켓 / 구단 홈페이지,CONFIRMED,THIRD_PARTY_API,OK,일반,두산 일반예매,,9월 16일 수요일,오전,11시,9/23,KIA,KIA,두산,KIA,DOOSAN,,놀티켓 / 구단 홈페이지
ticket_policy_c4e13743a977d7d5,ticket_policy_94d910ddda8ac27c,https://yagu.today/calendar/2026/9,한화,HANWHA,ticket_policy,2026-09-05 03:01:02,[일반] 한화 일반예매 9월 16일 수요일 오전 11시 (9/23 롯데전) 롯데 vs 한화 (9/23) 오픈: 9월 16일 수요일 오전 최대 4매 예매처: 한화이글스 홈페이지 / 티켓링크 앱,CONFIRMED,THIRD_PARTY_API,OK,일반,한화 일반예매,,9월 16일 수요일,오전,11시,9/23,롯데,롯데,한화,LOTTE,HANWHA,4,한화이글스 홈페이지 / 티켓링크 앱
ticket_policy_c6ca0cce60917a93,ticket_policy_a80cacdeb95f4720,https://yagu.today/calendar/2026/9,KT,KT,ticket_policy,2026-09-05 03:01:02,[선예매] KT 시즌권 선예매 9월 16일 수요일 오후 1시 (9/23 NC전) NC vs KT (9/23) 오픈: 9월 16일 수요일 오후 최대 2매 예매처: 티켓링크 / WIZ APP,CONFIRMED,THIRD_PARTY_API,OK,선예매,KT 시즌권 선예매,,9월 16일 수요일,오후,1시,9/23,NC,NC,KT,NC,KT,2,티켓링크 / WIZ APP
ticket_policy_eaa420d75bda256f,ticket_policy_3f63497036cdb3ea,https://yagu.today/calendar/2026/9,KT,KT,ticket_policy,2026-09-05 03:01:02,"[선예매] KT 매직회원 9월 16일 수요일 오후 2시 (9/23 NC전) NC vs KT (9/23) 오픈: 9월 16일 수요일 오후 예매처: 티켓링크 / WIZ APP 시즌 6매, 응원지정석만",CONFIRMED,THIRD_PARTY_API,OK,선예매,KT 매직회원,,9월 16일 수요일,오후,2시,9/23,NC,NC,KT,NC,KT,,"티켓링크 / WIZ APP 시즌 6매, 응원지정석만"
ticket_policy_68cb5df8741161d7,ticket_policy_3f63497036cdb3ea,https://yagu.today/calendar/2026/9,KT,KT,ticket_policy,2026-09-05 03:01:02,[선예매] KT 빅또리 9월 16일 수요일 오후 2시 (9/23 NC전) NC vs KT (9/23) 오픈: 9월 16일 수요일 오후 예매처: 티켓링크 / WIZ APP 시즌 10매,CONFIRMED,THIRD_PARTY_API,OK,선예매,KT 빅또리,,9월 16일 수요일,오후,2시,9/23,NC,NC,KT,NC,KT,,티켓링크 / WIZ APP 시즌 10매
ticket_policy_b5fd1ec082d04ff2,ticket_policy_dc8f38d4b557e587,https://yagu.today/calendar/2026/9,LG,LG,ticket_policy,2026-09-05 03:01:02,"[선예매] LG 선예매 9월 16일 수요일 오후 2시 (9/24 롯데전) 롯데 vs LG (9/24) 오픈: 9월 16일 수요일 오후 최대 4매 예매처: 구단 홈페이지 구단 홈페이지만. 불가: 1루 블루 109, 1루 오렌지 205, 1루 레드 203, 1루 네이비 303/308, 3루 오렌지 219~222, 3루 네이비 326~330",CONFIRMED,THIRD_PARTY_API,OK,선예매,LG 선예매,,9월 16일 수요일,오후,2시,9/24,롯데,롯데,LG,LOTTE,LG,4,"구단 홈페이지 구단 홈페이지만. 불가: 1루 블루 109, 1루 오렌지 205, 1루 레드 203, 1루 네이비 303/308, 3루 오렌지 219~222, 3루 네이비 326~330"
ticket_policy_b99331c5122a2c14,ticket_policy_1bbfa27a27b79029,https://yagu.today/calendar/2026/9,롯데,LOTTE,ticket_policy,2026-09-05 03:01:02,[일반] 롯데 일반예매 9월 16일 수요일 오후 2시 (9/30 키움전) 키움 vs 롯데 (9/30) 오픈: 9월 16일 수요일 오후 최대 8매 예매처: 롯데 자이언츠 앱/웹 선예매 포함 합산 최대 8매. 홈개막 시리즈 한해 앱 전용 (추가 공지),CONFIRMED,THIRD_PARTY_API,OK,일반,롯데 일반예매,,9월 16일 수요일,오후,2시,9/30,키움,키움,롯데,KIWOOM,LOTTE,8,롯데 자이언츠 앱/웹 선예매 포함 합산 최대 8매. 홈개막 시리즈 한해 앱 전용 (추가 공지)
ticket_policy_a6886963e8432120,ticket_policy_ea289f9ed49467ac,https://yagu.today/calendar/2026/9,KT,KT,ticket_policy,2026-09-05 03:01:02,[일반] KT 일반예매 9월 16일 수요일 오후 4시 (9/23 NC전) NC vs KT (9/23) 오픈: 9월 16일 수요일 오후 예매처: 티켓링크 / WIZ APP,CONFIRMED,THIRD_PARTY_API,OK,일반,KT 일반예매,,9월 16일 수요일,오후,4시,9/23,NC,NC,KT,NC,KT,,티켓링크 / WIZ APP
ticket_policy_c24efb56ec186779,ticket_policy_58ff7faf697d61cb,https://yagu.today/calendar/2026/9,SSG,SSG,ticket_policy,2026-09-05 03:01:02,[일반] SSG 일반예매 (프렌즈) 9월 17일 목요일 오전 11시 (9/22 KT전) KT vs SSG (9/22) 오픈: 9월 17일 목요일 오전 최대 6매 예매처: 쓱닷컴 앱/웹 스타벅스 게이트 이용 가능,CONFIRMED,THIRD_PARTY_API,OK,일반,SSG 일반예매,프렌즈,9월 17일 목요일,오전,11시,9/22,KT,KT,SSG,KT,SSG,6,쓱닷컴 앱/웹 스타벅스 게이트 이용 가능
ticket_policy_3a9ae679b1507d7b,ticket_policy_10596771ef058d4c,https://yagu.today/calendar/2026/9,LG,LG,ticket_policy,2026-09-05 03:01:02,[일반] LG 일반예매 9월 17일 목요일 오전 11시 (9/24 롯데전) 롯데 vs LG (9/24) 오픈: 9월 17일 목요일 오전 예매처: 티켓링크 / 구단 홈페이지,CONFIRMED,THIRD_PARTY_API,OK,일반,LG 일반예매,,9월 17일 목요일,오전,11시,9/24,롯데,롯데,LG,LOTTE,LG,,티켓링크 / 구단 홈페이지
ticket_policy_67813c46cdfde080,ticket_policy_773a4f2a803fbbd2,https://yagu.today/calendar/2026/9,SSG,SSG,ticket_policy,2026-09-05 03:01:02,"[선예매] SSG 랜디 선예매 9월 17일 목요일 오전 11시 (9/24 삼성전) 삼성 vs SSG (9/24) 오픈: 9월 17일 목요일 오전 최대 6매 예매처: SSG 랜더스 앱 앱 전용 수수료 없음, 전용게이트 1시간 전 입장",CONFIRMED,THIRD_PARTY_API,OK,선예매,SSG 랜디 선예매,,9월 17일 목요일,오전,11시,9/24,삼성,삼성,SSG,SAMSUNG,SSG,6,"SSG 랜더스 앱 앱 전용 수수료 없음, 전용게이트 1시간 전 입장"
ticket_policy_cba6536d21ad8b65,ticket_policy_773a4f2a803fbbd2,https://yagu.today/calendar/2026/9,SSG,SSG,ticket_policy,2026-09-05 03:01:02,"[선예매] SSG 베티 선예매 9월 17일 목요일 오전 11시 (9/24 삼성전) 삼성 vs SSG (9/24) 오픈: 9월 17일 목요일 오전 최대 6매 예매처: SSG 랜더스 앱 앱 전용 수수료 없음, 스타벅스 게이트 이용 가능",CONFIRMED,THIRD_PARTY_API,OK,선예매,SSG 베티 선예매,,9월 17일 목요일,오전,11시,9/24,삼성,삼성,SSG,SAMSUNG,SSG,6,"SSG 랜더스 앱 앱 전용 수수료 없음, 스타벅스 게이트 이용 가능"
ticket_policy_9084305cfad8107a,ticket_policy_282fa65d7fd6b908,https://yagu.today/calendar/2026/9,KT,KT,ticket_policy,2026-09-05 03:01:02,[선예매] KT 시즌권 선예매 9월 17일 목요일 오후 1시 (9/24 NC전) NC vs KT (9/24) 오픈: 9월 17일 목요일 오후 최대 2매 예매처: 티켓링크 / WIZ APP,CONFIRMED,THIRD_PARTY_API,OK,선예매,KT 시즌권 선예매,,9월 17일 목요일,오후,1시,9/24,NC,NC,KT,NC,KT,2,티켓링크 / WIZ APP
ticket_policy_fed94f1acbaf1555,ticket_policy_d2d0dffcb3e2e2b5,https://yagu.today/calendar/2026/9,KT,KT,ticket_policy,2026-09-05 03:01:02,"[선예매] KT 매직회원 9월 17일 목요일 오후 2시 (9/24 NC전) NC vs KT (9/24) 오픈: 9월 17일 목요일 오후 예매처: 티켓링크 / WIZ APP 시즌 6매, 응원지정석만",CONFIRMED,THIRD_PARTY_API,OK,선예매,KT 매직회원,,9월 17일 목요일,오후,2시,9/24,NC,NC,KT,NC,KT,,"티켓링크 / WIZ APP 시즌 6매, 응원지정석만"
ticket_policy_161e14f8c9cff504,ticket_policy_d2d0dffcb3e2e2b5,https://yagu.today/calendar/2026/9,KT,KT,ticket_policy,2026-09-05 03:01:02,[선예매] KT 빅또리 9월 17일 목요일 오후 2시 (9/24 NC전) NC vs KT (9/24) 오픈: 9월 17일 목요일 오후 예매처: 티켓링크 / WIZ APP 시즌 10매,CONFIRMED,THIRD_PARTY_API,OK,선예매,KT 빅또리,,9월 17일 목요일,오후,2시,9/24,NC,NC,KT,NC,KT,,티켓링크 / WIZ APP 시즌 10매
ticket_policy_cf5d4f4852822852,ticket_policy_bd3f6ce2ca7f981a,https://yagu.today/calendar/2026/9,KT,KT,ticket_policy,2026-09-05 03:01:02,[일반] KT 일반예매 9월 17일 목요일 오후 4시 (9/24 NC전) NC vs KT (9/24) 오픈: 9월 17일 목요일 오후 예매처: 티켓링크 / WIZ APP,CONFIRMED,THIRD_PARTY_API,OK,일반,KT 일반예매,,9월 17일 목요일,오후,4시,9/24,NC,NC,KT,NC,KT,,티켓링크 / WIZ APP
ticket_policy_104c70c936ae3dd3,ticket_policy_74467330d2587a67,https://yagu.today/calendar/2026/9,NC,NC,ticket_policy,2026-09-05 03:01:02,[선예매] NC 민트멤버십플러스 9월 17일 목요일 오후 5시 (9/25 한화전) 한화 vs NC (9/25) 오픈: 9월 17일 목요일 오후 최대 4매 예매처: 구단 홈페이지 / 앱,CONFIRMED,THIRD_PARTY_API,OK,선예매,NC 민트멤버십플러스,,9월 17일 목요일,오후,5시,9/25,한화,한화,NC,HANWHA,NC,4,구단 홈페이지 / 앱
ticket_policy_f8836500956327d8,ticket_policy_ecddd91cb4b0aec1,https://yagu.today/calendar/2026/9,두산,DOOSAN,ticket_policy,2026-09-05 03:01:02,"[선예매] 두산 선예매 (베어스클럽) 9월 18일 금요일 오전 10시 (9/25 롯데전) 롯데 vs 두산 (9/25) 오픈: 9월 18일 금요일 오전 최대 2매 예매처: 구단 홈페이지 성인 대상, 구단 홈페이지만 가능",CONFIRMED,THIRD_PARTY_API,OK,선예매,두산 선예매,베어스클럽,9월 18일 금요일,오전,10시,9/25,롯데,롯데,두산,LOTTE,DOOSAN,2,"구단 홈페이지 성인 대상, 구단 홈페이지만 가능"
ticket_policy_f4d492aebb6cafed,ticket_policy_ecddd91cb4b0aec1,https://yagu.today/calendar/2026/9,두산,DOOSAN,ticket_policy,2026-09-05 03:01:02,"[선예매] 두산 선예매 (두린이클럽) 9월 18일 금요일 오전 10시 (9/25 롯데전) 롯데 vs 두산 (9/25) 오픈: 9월 18일 금요일 오전 최대 4매 예매처: 구단 홈페이지 어린이 대상, 구단 홈페이지만 가능",CONFIRMED,THIRD_PARTY_API,OK,선예매,두산 선예매,두린이클럽,9월 18일 금요일,오전,10시,9/25,롯데,롯데,두산,LOTTE,DOOSAN,4,"구단 홈페이지 어린이 대상, 구단 홈페이지만 가능"
ticket_policy_266d5fe49f75e7de,ticket_policy_cf9c13fb9e77f4ab,https://yagu.today/calendar/2026/9,KIA,KIA,ticket_policy,2026-09-05 03:01:02,[선예매] KIA 시즌권 선예매 9월 18일 금요일 오전 10시 (9/26 LG전) LG vs KIA (9/26) 오픈: 9월 18일 금요일 오전 최대 2매 예매처: 타이거즈앱 앱 전용 등급별 조건 오피셜 미확정 (2026 시즌 공지 대기),CONFIRMED,THIRD_PARTY_API,OK,선예매,KIA 시즌권 선예매,,9월 18일 금요일,오전,10시,9/26,LG,LG,KIA,LG,KIA,2,타이거즈앱 앱 전용 등급별 조건 오피셜 미확정 (2026 시즌 공지 대기)
ticket_policy_383bcae6f30da3f6,ticket_policy_a02db0b01fddefeb,https://yagu.today/calendar/2026/9,KIA,KIA,ticket_policy,2026-09-05 03:01:02,[선예매] KIA 얼리 멤버십 9월 18일 금요일 오전 10시 30분 (9/26 LG전) LG vs KIA (9/26) 오픈: 9월 18일 금요일 오전 30분 최대 2매 예매처: 타이거즈앱 앱 전용 일반석 한정,CONFIRMED,THIRD_PARTY_API,OK,선예매,KIA 얼리 멤버십,,9월 18일 금요일,오전,10시 30분,9/26,LG,LG,KIA,LG,KIA,2,타이거즈앱 앱 전용 일반석 한정
ticket_policy_9b9a00e5d164ac6b,ticket_policy_7609e6749143bfa1,https://yagu.today/calendar/2026/9,SSG,SSG,ticket_policy,2026-09-05 03:01:02,"[선예매] SSG 푸리 선예매 9월 18일 금요일 오전 11시 (9/24 삼성전) 삼성 vs SSG (9/24) 오픈: 9월 18일 금요일 오전 최대 6매 예매처: SSG 랜더스 앱 앱 전용 수수료 없음, 스타벅스 게이트 이용 가능",CONFIRMED,THIRD_PARTY_API,OK,선예매,SSG 푸리 선예매,,9월 18일 금요일,오전,11시,9/24,삼성,삼성,SSG,SAMSUNG,SSG,6,"SSG 랜더스 앱 앱 전용 수수료 없음, 스타벅스 게이트 이용 가능"
ticket_policy_ec164312b423e579,ticket_policy_b54cb34242cdc70c,https://yagu.today/calendar/2026/9,NC,NC,ticket_policy,2026-09-05 03:01:02,[일반] NC 일반예매 9월 18일 금요일 오전 11시 (9/25 한화전) 한화 vs NC (9/25) 오픈: 9월 18일 금요일 오전 최대 4매 예매처: 구단 홈페이지 / 앱,CONFIRMED,THIRD_PARTY_API,OK,일반,NC 일반예매,,9월 18일 금요일,오전,11시,9/25,한화,한화,NC,HANWHA,NC,4,구단 홈페이지 / 앱
ticket_policy_ce04867a33680f6f,ticket_policy_b54cb34242cdc70c,https://yagu.today/calendar/2026/9,NC,NC,ticket_policy,2026-09-05 03:01:02,[선예매] NC 민트멤버십 9월 18일 금요일 오전 11시 (9/25 한화전) 한화 vs NC (9/25) 오픈: 9월 18일 금요일 오전 최대 4매 예매처: 구단 홈페이지 / 앱,CONFIRMED,THIRD_PARTY_API,OK,선예매,NC 민트멤버십,,9월 18일 금요일,오전,11시,9/25,한화,한화,NC,HANWHA,NC,4,구단 홈페이지 / 앱
ticket_policy_a697abcb0bb9bdea,ticket_policy_7609e6749143bfa1,https://yagu.today/calendar/2026/9,SSG,SSG,ticket_policy,2026-09-05 03:01:02,"[선예매] SSG 랜디 선예매 9월 18일 금요일 오전 11시 (9/25 삼성전) 삼성 vs SSG (9/25) 오픈: 9월 18일 금요일 오전 최대 6매 예매처: SSG 랜더스 앱 앱 전용 수수료 없음, 전용게이트 1시간 전 입장",CONFIRMED,THIRD_PARTY_API,OK,선예매,SSG 랜디 선예매,,9월 18일 금요일,오전,11시,9/25,삼성,삼성,SSG,SAMSUNG,SSG,6,"SSG 랜더스 앱 앱 전용 수수료 없음, 전용게이트 1시간 전 입장"
ticket_policy_e144fd5ee3ce396f,ticket_policy_7609e6749143bfa1,https://yagu.today/calendar/2026/9,SSG,SSG,ticket_policy,2026-09-05 03:01:02,"[선예매] SSG 베티 선예매 9월 18일 금요일 오전 11시 (9/25 삼성전) 삼성 vs SSG (9/25) 오픈: 9월 18일 금요일 오전 최대 6매 예매처: SSG 랜더스 앱 앱 전용 수수료 없음, 스타벅스 게이트 이용 가능",CONFIRMED,THIRD_PARTY_API,OK,선예매,SSG 베티 선예매,,9월 18일 금요일,오전,11시,9/25,삼성,삼성,SSG,SAMSUNG,SSG,6,"SSG 랜더스 앱 앱 전용 수수료 없음, 스타벅스 게이트 이용 가능"
ticket_policy_85e7ab36863d9931,ticket_policy_31ecfbc9a2765aab,https://yagu.today/calendar/2026/9,두산,DOOSAN,ticket_policy,2026-09-05 03:01:02,[일반] 두산 일반예매 9월 18일 금요일 오전 11시 (9/25 롯데전) 롯데 vs 두산 (9/25) 오픈: 9월 18일 금요일 오전 예매처: 놀티켓 / 구단 홈페이지,CONFIRMED,THIRD_PARTY_API,OK,일반,두산 일반예매,,9월 18일 금요일,오전,11시,9/25,롯데,롯데,두산,LOTTE,DOOSAN,,놀티켓 / 구단 홈페이지
ticket_policy_ffbfc8cc3ecfec85,ticket_policy_2d102e79530c989e,https://yagu.today/calendar/2026/9,NC,NC,ticket_policy,2026-09-05 03:01:02,[선예매] NC 민트멤버십플러스 9월 18일 금요일 오후 5시 (9/26 한화전) 한화 vs NC (9/26) 오픈: 9월 18일 금요일 오후 최대 4매 예매처: 구단 홈페이지 / 앱,CONFIRMED,THIRD_PARTY_API,OK,선예매,NC 민트멤버십플러스,,9월 18일 금요일,오후,5시,9/26,한화,한화,NC,HANWHA,NC,4,구단 홈페이지 / 앱
ticket_policy_d6b4b196aaa6d517,ticket_policy_13056c14bbf27084,https://yagu.today/calendar/2026/9,KIA,KIA,ticket_policy,2026-09-05 03:01:02,[선예매] KIA 시즌권 선예매 9월 19일 토요일 오전 10시 (9/27 LG전) LG vs KIA (9/27) 오픈: 9월 19일 토요일 오전 최대 2매 예매처: 타이거즈앱 앱 전용 등급별 조건 오피셜 미확정 (2026 시즌 공지 대기),CONFIRMED,THIRD_PARTY_API,OK,선예매,KIA 시즌권 선예매,,9월 19일 토요일,오전,10시,9/27,LG,LG,KIA,LG,KIA,2,타이거즈앱 앱 전용 등급별 조건 오피셜 미확정 (2026 시즌 공지 대기)
ticket_policy_a3a3e87ddb5f9a4a,ticket_policy_7e9f16af6d1a1e4a,https://yagu.today/calendar/2026/9,KIA,KIA,ticket_policy,2026-09-05 03:01:02,[선예매] KIA 얼리 멤버십 9월 19일 토요일 오전 10시 30분 (9/27 LG전) LG vs KIA (9/27) 오픈: 9월 19일 토요일 오전 30분 최대 2매 예매처: 타이거즈앱 앱 전용 일반석 한정,CONFIRMED,THIRD_PARTY_API,OK,선예매,KIA 얼리 멤버십,,9월 19일 토요일,오전,10시 30분,9/27,LG,LG,KIA,LG,KIA,2,타이거즈앱 앱 전용 일반석 한정
ticket_policy_542a888b74aa082e,ticket_policy_ec377585357dd01d,https://yagu.today/calendar/2026/9,SSG,SSG,ticket_policy,2026-09-05 03:01:02,[일반] SSG 일반예매 (프렌즈) 9월 19일 토요일 오전 11시 (9/24 삼성전) 삼성 vs SSG (9/24) 오픈: 9월 19일 토요일 오전 최대 6매 예매처: 쓱닷컴 앱/웹 스타벅스 게이트 이용 가능,CONFIRMED,THIRD_PARTY_API,OK,일반,SSG 일반예매,프렌즈,9월 19일 토요일,오전,11시,9/24,삼성,삼성,SSG,SAMSUNG,SSG,6,쓱닷컴 앱/웹 스타벅스 게이트 이용 가능
ticket_policy_bf90e8101aa48742,ticket_policy_ec377585357dd01d,https://yagu.today/calendar/2026/9,SSG,SSG,ticket_policy,2026-09-05 03:01:02,"[선예매] SSG 푸리 선예매 9월 19일 토요일 오전 11시 (9/25 삼성전) 삼성 vs SSG (9/25) 오픈: 9월 19일 토요일 오전 최대 6매 예매처: SSG 랜더스 앱 앱 전용 수수료 없음, 스타벅스 게이트 이용 가능",CONFIRMED,THIRD_PARTY_API,OK,선예매,SSG 푸리 선예매,,9월 19일 토요일,오전,11시,9/25,삼성,삼성,SSG,SAMSUNG,SSG,6,"SSG 랜더스 앱 앱 전용 수수료 없음, 스타벅스 게이트 이용 가능"
ticket_policy_2bb8cc613f68486e,ticket_policy_96a90fb0f07d7b9c,https://yagu.today/calendar/2026/9,KIA,KIA,ticket_policy,2026-09-05 03:01:02,"[일반] KIA 일반예매 9월 19일 토요일 오전 11시 (9/26 LG전) LG vs KIA (9/26) 오픈: 9월 19일 토요일 오전 최대 8매 예매처: 티켓링크 / 타이거즈앱 앱/티켓링크앱=특별석 포함, PC 티켓링크=일반석만",CONFIRMED,THIRD_PARTY_API,OK,일반,KIA 일반예매,,9월 19일 토요일,오전,11시,9/26,LG,LG,KIA,LG,KIA,8,"티켓링크 / 타이거즈앱 앱/티켓링크앱=특별석 포함, PC 티켓링크=일반석만"
ticket_policy_438cfb827435433c,ticket_policy_744e92dd003d3f43,https://yagu.today/calendar/2026/9,NC,NC,ticket_policy,2026-09-05 03:01:02,[일반] NC 일반예매 9월 19일 토요일 오전 11시 (9/26 한화전) 한화 vs NC (9/26) 오픈: 9월 19일 토요일 오전 최대 4매 예매처: 구단 홈페이지 / 앱,CONFIRMED,THIRD_PARTY_API,OK,일반,NC 일반예매,,9월 19일 토요일,오전,11시,9/26,한화,한화,NC,HANWHA,NC,4,구단 홈페이지 / 앱
ticket_policy_3983eb6e8e56e353,ticket_policy_744e92dd003d3f43,https://yagu.today/calendar/2026/9,NC,NC,ticket_policy,2026-09-05 03:01:02,[선예매] NC 민트멤버십 9월 19일 토요일 오전 11시 (9/26 한화전) 한화 vs NC (9/26) 오픈: 9월 19일 토요일 오전 최대 4매 예매처: 구단 홈페이지 / 앱,CONFIRMED,THIRD_PARTY_API,OK,선예매,NC 민트멤버십,,9월 19일 토요일,오전,11시,9/26,한화,한화,NC,HANWHA,NC,4,구단 홈페이지 / 앱
ticket_policy_a0be1f12ddcd9c4a,ticket_policy_93629ae20b9101ca,https://yagu.today/calendar/2026/9,KT,KT,ticket_policy,2026-09-05 03:01:02,[선예매] KT 시즌권 선예매 9월 19일 토요일 오후 1시 (9/26 키움전) 키움 vs KT (9/26) 오픈: 9월 19일 토요일 오후 최대 2매 예매처: 티켓링크 / WIZ APP,CONFIRMED,THIRD_PARTY_API,OK,선예매,KT 시즌권 선예매,,9월 19일 토요일,오후,1시,9/26,키움,키움,KT,KIWOOM,KT,2,티켓링크 / WIZ APP
ticket_policy_fbcea1da1639ae65,ticket_policy_459e6155df27b141,https://yagu.today/calendar/2026/9,KT,KT,ticket_policy,2026-09-05 03:01:02,"[선예매] KT 매직회원 9월 19일 토요일 오후 2시 (9/26 키움전) 키움 vs KT (9/26) 오픈: 9월 19일 토요일 오후 예매처: 티켓링크 / WIZ APP 시즌 6매, 응원지정석만",CONFIRMED,THIRD_PARTY_API,OK,선예매,KT 매직회원,,9월 19일 토요일,오후,2시,9/26,키움,키움,KT,KIWOOM,KT,,"티켓링크 / WIZ APP 시즌 6매, 응원지정석만"
ticket_policy_3875f34400f78d61,ticket_policy_459e6155df27b141,https://yagu.today/calendar/2026/9,KT,KT,ticket_policy,2026-09-05 03:01:02,[선예매] KT 빅또리 9월 19일 토요일 오후 2시 (9/26 키움전) 키움 vs KT (9/26) 오픈: 9월 19일 토요일 오후 예매처: 티켓링크 / WIZ APP 시즌 10매,CONFIRMED,THIRD_PARTY_API,OK,선예매,KT 빅또리,,9월 19일 토요일,오후,2시,9/26,키움,키움,KT,KIWOOM,KT,,티켓링크 / WIZ APP 시즌 10매
ticket_policy_6527f11dad9999fe,ticket_policy_d20241a40e5f9db1,https://yagu.today/calendar/2026/9,KT,KT,ticket_policy,2026-09-05 03:01:02,[일반] KT 일반예매 9월 19일 토요일 오후 4시 (9/26 키움전) 키움 vs KT (9/26) 오픈: 9월 19일 토요일 오후 예매처: 티켓링크 / WIZ APP,CONFIRMED,THIRD_PARTY_API,OK,일반,KT 일반예매,,9월 19일 토요일,오후,4시,9/26,키움,키움,KT,KIWOOM,KT,,티켓링크 / WIZ APP
ticket_policy_3da996f71b6e0833,ticket_policy_68e18ff841533d3d,https://yagu.today/calendar/2026/9,NC,NC,ticket_policy,2026-09-05 03:01:02,[선예매] NC 민트멤버십플러스 9월 19일 토요일 오후 5시 (9/27 키움전) 키움 vs NC (9/27) 오픈: 9월 19일 토요일 오후 최대 4매 예매처: 구단 홈페이지 / 앱,CONFIRMED,THIRD_PARTY_API,OK,선예매,NC 민트멤버십플러스,,9월 19일 토요일,오후,5시,9/27,키움,키움,NC,KIWOOM,NC,4,구단 홈페이지 / 앱
ticket_policy_2f478549760ca682,ticket_policy_a2a99b98c13c01fd,https://yagu.today/calendar/2026/9,두산,DOOSAN,ticket_policy,2026-09-05 03:01:02,"[선예매] 두산 선예매 (베어스클럽) 9월 20일 일요일 오전 10시 (9/27 KT전) KT vs 두산 (9/27) 오픈: 9월 20일 일요일 오전 최대 2매 예매처: 구단 홈페이지 성인 대상, 구단 홈페이지만 가능",CONFIRMED,THIRD_PARTY_API,OK,선예매,두산 선예매,베어스클럽,9월 20일 일요일,오전,10시,9/27,KT,KT,두산,KT,DOOSAN,2,"구단 홈페이지 성인 대상, 구단 홈페이지만 가능"
ticket_policy_0e709008a14f9bf7,ticket_policy_a2a99b98c13c01fd,https://yagu.today/calendar/2026/9,두산,DOOSAN,ticket_policy,2026-09-05 03:01:02,"[선예매] 두산 선예매 (두린이클럽) 9월 20일 일요일 오전 10시 (9/27 KT전) KT vs 두산 (9/27) 오픈: 9월 20일 일요일 오전 최대 4매 예매처: 구단 홈페이지 어린이 대상, 구단 홈페이지만 가능",CONFIRMED,THIRD_PARTY_API,OK,선예매,두산 선예매,두린이클럽,9월 20일 일요일,오전,10시,9/27,KT,KT,두산,KT,DOOSAN,4,"구단 홈페이지 어린이 대상, 구단 홈페이지만 가능"
ticket_policy_c3146ac040ba9959,ticket_policy_c4c794b9b20ee09b,https://yagu.today/calendar/2026/9,SSG,SSG,ticket_policy,2026-09-05 03:01:02,[일반] SSG 일반예매 (프렌즈) 9월 20일 일요일 오전 11시 (9/25 삼성전) 삼성 vs SSG (9/25) 오픈: 9월 20일 일요일 오전 최대 6매 예매처: 쓱닷컴 앱/웹 스타벅스 게이트 이용 가능,CONFIRMED,THIRD_PARTY_API,OK,일반,SSG 일반예매,프렌즈,9월 20일 일요일,오전,11시,9/25,삼성,삼성,SSG,SAMSUNG,SSG,6,쓱닷컴 앱/웹 스타벅스 게이트 이용 가능
ticket_policy_d03043393e9d754a,ticket_policy_219c8396f45c239f,https://yagu.today/calendar/2026/9,KIA,KIA,ticket_policy,2026-09-05 03:01:02,"[일반] KIA 일반예매 9월 20일 일요일 오전 11시 (9/27 LG전) LG vs KIA (9/27) 오픈: 9월 20일 일요일 오전 최대 8매 예매처: 티켓링크 / 타이거즈앱 앱/티켓링크앱=특별석 포함, PC 티켓링크=일반석만",CONFIRMED,THIRD_PARTY_API,OK,일반,KIA 일반예매,,9월 20일 일요일,오전,11시,9/27,LG,LG,KIA,LG,KIA,8,"티켓링크 / 타이거즈앱 앱/티켓링크앱=특별석 포함, PC 티켓링크=일반석만"
ticket_policy_3b09864971ccb6d7,ticket_policy_23707ba6a937b9ad,https://yagu.today/calendar/2026/9,NC,NC,ticket_policy,2026-09-05 03:01:02,[일반] NC 일반예매 9월 20일 일요일 오전 11시 (9/27 키움전) 키움 vs NC (9/27) 오픈: 9월 20일 일요일 오전 최대 4매 예매처: 구단 홈페이지 / 앱,CONFIRMED,THIRD_PARTY_API,OK,일반,NC 일반예매,,9월 20일 일요일,오전,11시,9/27,키움,키움,NC,KIWOOM,NC,4,구단 홈페이지 / 앱
ticket_policy_6ed092c9fee3e082,ticket_policy_23707ba6a937b9ad,https://yagu.today/calendar/2026/9,NC,NC,ticket_policy,2026-09-05 03:01:02,[선예매] NC 민트멤버십 9월 20일 일요일 오전 11시 (9/27 키움전) 키움 vs NC (9/27) 오픈: 9월 20일 일요일 오전 최대 4매 예매처: 구단 홈페이지 / 앱,CONFIRMED,THIRD_PARTY_API,OK,선예매,NC 민트멤버십,,9월 20일 일요일,오전,11시,9/27,키움,키움,NC,KIWOOM,NC,4,구단 홈페이지 / 앱
ticket_policy_8d8cd9fc0cb508fa,ticket_policy_a20a130aefa604ac,https://yagu.today/calendar/2026/9,두산,DOOSAN,ticket_policy,2026-09-05 03:01:02,[일반] 두산 일반예매 9월 20일 일요일 오전 11시 (9/27 KT전) KT vs 두산 (9/27) 오픈: 9월 20일 일요일 오전 예매처: 놀티켓 / 구단 홈페이지,CONFIRMED,THIRD_PARTY_API,OK,일반,두산 일반예매,,9월 20일 일요일,오전,11시,9/27,KT,KT,두산,KT,DOOSAN,,놀티켓 / 구단 홈페이지
ticket_policy_62f84510dc4044df,ticket_policy_59346cfae0b0bc8c,https://yagu.today/calendar/2026/9,KIA,KIA,ticket_policy,2026-09-05 03:01:02,[선예매] KIA 시즌권 선예매 9월 21일 월요일 오전 10시 (9/29 KT전) KT vs KIA (9/29) 오픈: 9월 21일 월요일 오전 최대 2매 예매처: 타이거즈앱 앱 전용 등급별 조건 오피셜 미확정 (2026 시즌 공지 대기),CONFIRMED,THIRD_PARTY_API,OK,선예매,KIA 시즌권 선예매,,9월 21일 월요일,오전,10시,9/29,KT,KT,KIA,KT,KIA,2,타이거즈앱 앱 전용 등급별 조건 오피셜 미확정 (2026 시즌 공지 대기)
ticket_policy_e68e40bb4dc97b3b,ticket_policy_03b5c4199ef4f020,https://yagu.today/calendar/2026/9,KIA,KIA,ticket_policy,2026-09-05 03:01:02,[선예매] KIA 얼리 멤버십 9월 21일 월요일 오전 10시 30분 (9/29 KT전) KT vs KIA (9/29) 오픈: 9월 21일 월요일 오전 30분 최대 2매 예매처: 타이거즈앱 앱 전용 일반석 한정,CONFIRMED,THIRD_PARTY_API,OK,선예매,KIA 얼리 멤버십,,9월 21일 월요일,오전,10시 30분,9/29,KT,KT,KIA,KT,KIA,2,타이거즈앱 앱 전용 일반석 한정
ticket_policy_0d3974d56c490630,ticket_policy_afaa2cc6407ea64c,https://yagu.today/calendar/2026/9,삼성,SAMSUNG,ticket_policy,2026-09-05 03:01:02,"[선예매] 삼성 선예매 (블루 멤버십) 9월 21일 월요일 오전 11시 (9/29~5) 한화/두산 vs 삼성 (9/29) 오픈: 9월 21일 월요일 오전 최대 4매 예매처: 구단 홈페이지 (블루 멤버십) 블루 멤버십 전용 (구단 홈페이지). 골드: 전좌석(특화좌석 제외, 3루내야석 보장) / 실버: SKY중앙, 블루존, 상하단 지정석, 외야지정석 (블루존 70%)",CONFIRMED,THIRD_PARTY_API,OK,선예매,삼성 선예매,블루 멤버십,9월 21일 월요일,오전,11시,9/29~5,,한화/두산,삼성,,SAMSUNG,4,"구단 홈페이지 (블루 멤버십) 블루 멤버십 전용 (구단 홈페이지). 골드: 전좌석(특화좌석 제외, 3루내야석 보장) / 실버: SKY중앙, 블루존, 상하단 지정석, 외야지정석 (블루존 70%)"
ticket_policy_2b8fabf413c8482a,ticket_policy_e401d92fbdfdc3a9,https://yagu.today/calendar/2026/9,두산,DOOSAN,ticket_policy,2026-09-05 03:01:02,"[선예매] 두산 선예매 (베어스클럽) 9월 22일 화요일 오전 10시 (9/29 NC전) NC vs 두산 (9/29) 오픈: 9월 22일 화요일 오전 최대 2매 예매처: 구단 홈페이지 성인 대상, 구단 홈페이지만 가능",CONFIRMED,THIRD_PARTY_API,OK,선예매,두산 선예매,베어스클럽,9월 22일 화요일,오전,10시,9/29,NC,NC,두산,NC,DOOSAN,2,"구단 홈페이지 성인 대상, 구단 홈페이지만 가능"
ticket_policy_e35f39355891bc01,ticket_policy_e401d92fbdfdc3a9,https://yagu.today/calendar/2026/9,두산,DOOSAN,ticket_policy,2026-09-05 03:01:02,"[선예매] 두산 선예매 (두린이클럽) 9월 22일 화요일 오전 10시 (9/29 NC전) NC vs 두산 (9/29) 오픈: 9월 22일 화요일 오전 최대 4매 예매처: 구단 홈페이지 어린이 대상, 구단 홈페이지만 가능",CONFIRMED,THIRD_PARTY_API,OK,선예매,두산 선예매,두린이클럽,9월 22일 화요일,오전,10시,9/29,NC,NC,두산,NC,DOOSAN,4,"구단 홈페이지 어린이 대상, 구단 홈페이지만 가능"
ticket_policy_c3512859ad65807c,ticket_policy_056d871df9a8bc63,https://yagu.today/calendar/2026/9,KIA,KIA,ticket_policy,2026-09-05 03:01:02,[선예매] KIA 시즌권 선예매 9월 22일 화요일 오전 10시 (9/30 KT전) KT vs KIA (9/30) 오픈: 9월 22일 화요일 오전 최대 2매 예매처: 타이거즈앱 앱 전용 등급별 조건 오피셜 미확정 (2026 시즌 공지 대기),CONFIRMED,THIRD_PARTY_API,OK,선예매,KIA 시즌권 선예매,,9월 22일 화요일,오전,10시,9/30,KT,KT,KIA,KT,KIA,2,타이거즈앱 앱 전용 등급별 조건 오피셜 미확정 (2026 시즌 공지 대기)
ticket_policy_de35f666f1edb478,ticket_policy_3152db541284c9c4,https://yagu.today/calendar/2026/9,롯데,LOTTE,ticket_policy,2026-09-05 03:01:02,[선예매] 롯데 선예매 (시즌권) 9월 22일 화요일 오전 10시 (10/6 두산전) 두산 vs 롯데 (10/6) 오픈: 9월 22일 화요일 오전 최대 2매 예매처: 롯데 자이언츠 앱/웹,CONFIRMED,THIRD_PARTY_API,OK,선예매,롯데 선예매,시즌권,9월 22일 화요일,오전,10시,10/6,두산,두산,롯데,DOOSAN,LOTTE,2,롯데 자이언츠 앱/웹
ticket_policy_52c3e7a5cecfce05,ticket_policy_3152db541284c9c4,https://yagu.today/calendar/2026/9,롯데,LOTTE,ticket_policy,2026-09-05 03:01:02,[선예매] 롯데 선예매 (멤버십) 9월 22일 화요일 오전 10시 (10/6 두산전) 두산 vs 롯데 (10/6) 오픈: 9월 22일 화요일 오전 최대 2매 예매처: 롯데 자이언츠 앱/웹,CONFIRMED,THIRD_PARTY_API,OK,선예매,롯데 선예매,멤버십,9월 22일 화요일,오전,10시,10/6,두산,두산,롯데,DOOSAN,LOTTE,2,롯데 자이언츠 앱/웹
ticket_policy_1f6d6e91e4f117ed,ticket_policy_bdc8668a5a7a3115,https://yagu.today/calendar/2026/9,KIA,KIA,ticket_policy,2026-09-05 03:01:02,[선예매] KIA 얼리 멤버십 9월 22일 화요일 오전 10시 30분 (9/30 KT전) KT vs KIA (9/30) 오픈: 9월 22일 화요일 오전 30분 최대 2매 예매처: 타이거즈앱 앱 전용 일반석 한정,CONFIRMED,THIRD_PARTY_API,OK,선예매,KIA 얼리 멤버십,,9월 22일 화요일,오전,10시 30분,9/30,KT,KT,KIA,KT,KIA,2,타이거즈앱 앱 전용 일반석 한정
ticket_policy_47d750022e78ece8,ticket_policy_de8ec1cd1c500fc8,https://yagu.today/calendar/2026/9,삼성,SAMSUNG,ticket_policy,2026-09-05 03:01:02,[일반] 삼성 일반예매 9월 22일 화요일 오전 11시 (9/29~5) 한화/두산 vs 삼성 (9/29) 오픈: 9월 22일 화요일 오전 최대 6매 예매처: 티켓링크,CONFIRMED,THIRD_PARTY_API,OK,일반,삼성 일반예매,,9월 22일 화요일,오전,11시,9/29~5,,한화/두산,삼성,,SAMSUNG,6,티켓링크
ticket_policy_c85bd9897f4c0469,ticket_policy_21b9179fb85c8a9a,https://yagu.today/calendar/2026/9,KIA,KIA,ticket_policy,2026-09-05 03:01:02,"[일반] KIA 일반예매 9월 22일 화요일 오전 11시 (9/29 KT전) KT vs KIA (9/29) 오픈: 9월 22일 화요일 오전 최대 8매 예매처: 티켓링크 / 타이거즈앱 앱/티켓링크앱=특별석 포함, PC 티켓링크=일반석만",CONFIRMED,THIRD_PARTY_API,OK,일반,KIA 일반예매,,9월 22일 화요일,오전,11시,9/29,KT,KT,KIA,KT,KIA,8,"티켓링크 / 타이거즈앱 앱/티켓링크앱=특별석 포함, PC 티켓링크=일반석만"
ticket_policy_67da9db67c2e8a3b,ticket_policy_d1b513b85e149e79,https://yagu.today/calendar/2026/9,SSG,SSG,ticket_policy,2026-09-05 03:01:02,"[선예매] SSG 랜디 선예매 9월 22일 화요일 오전 11시 (9/29 LG전) LG vs SSG (9/29) 오픈: 9월 22일 화요일 오전 최대 6매 예매처: SSG 랜더스 앱 앱 전용 수수료 없음, 전용게이트 1시간 전 입장",CONFIRMED,THIRD_PARTY_API,OK,선예매,SSG 랜디 선예매,,9월 22일 화요일,오전,11시,9/29,LG,LG,SSG,LG,SSG,6,"SSG 랜더스 앱 앱 전용 수수료 없음, 전용게이트 1시간 전 입장"
ticket_policy_80b0a6e89440db81,ticket_policy_d1b513b85e149e79,https://yagu.today/calendar/2026/9,SSG,SSG,ticket_policy,2026-09-05 03:01:02,"[선예매] SSG 베티 선예매 9월 22일 화요일 오전 11시 (9/29 LG전) LG vs SSG (9/29) 오픈: 9월 22일 화요일 오전 최대 6매 예매처: SSG 랜더스 앱 앱 전용 수수료 없음, 스타벅스 게이트 이용 가능",CONFIRMED,THIRD_PARTY_API,OK,선예매,SSG 베티 선예매,,9월 22일 화요일,오전,11시,9/29,LG,LG,SSG,LG,SSG,6,"SSG 랜더스 앱 앱 전용 수수료 없음, 스타벅스 게이트 이용 가능"
ticket_policy_ac67dc0a8ec80592,ticket_policy_1d38969050565301,https://yagu.today/calendar/2026/9,두산,DOOSAN,ticket_policy,2026-09-05 03:01:02,[일반] 두산 일반예매 9월 22일 화요일 오전 11시 (9/29 NC전) NC vs 두산 (9/29) 오픈: 9월 22일 화요일 오전 예매처: 놀티켓 / 구단 홈페이지,CONFIRMED,THIRD_PARTY_API,OK,일반,두산 일반예매,,9월 22일 화요일,오전,11시,9/29,NC,NC,두산,NC,DOOSAN,,놀티켓 / 구단 홈페이지
ticket_policy_d76427b2a2c637f7,ticket_policy_322584a040aa0a9b,https://yagu.today/calendar/2026/9,롯데,LOTTE,ticket_policy,2026-09-05 03:01:02,[일반] 롯데 일반예매 9월 22일 화요일 오후 2시 (10/6 두산전) 두산 vs 롯데 (10/6) 오픈: 9월 22일 화요일 오후 최대 8매 예매처: 롯데 자이언츠 앱/웹 선예매 포함 합산 최대 8매. 홈개막 시리즈 한해 앱 전용 (추가 공지),CONFIRMED,THIRD_PARTY_API,OK,일반,롯데 일반예매,,9월 22일 화요일,오후,2시,10/6,두산,두산,롯데,DOOSAN,LOTTE,8,롯데 자이언츠 앱/웹 선예매 포함 합산 최대 8매. 홈개막 시리즈 한해 앱 전용 (추가 공지)
ticket_policy_40ad0f0bd1c74cb0,ticket_policy_7470113506d6e978,https://yagu.today/calendar/2026/9,두산,DOOSAN,ticket_policy,2026-09-05 03:01:02,"[선예매] 두산 선예매 (베어스클럽) 9월 23일 수요일 오전 10시 (9/30 NC전) NC vs 두산 (9/30) 오픈: 9월 23일 수요일 오전 최대 2매 예매처: 구단 홈페이지 성인 대상, 구단 홈페이지만 가능",CONFIRMED,THIRD_PARTY_API,OK,선예매,두산 선예매,베어스클럽,9월 23일 수요일,오전,10시,9/30,NC,NC,두산,NC,DOOSAN,2,"구단 홈페이지 성인 대상, 구단 홈페이지만 가능"
ticket_policy_e29e69ca9d411807,ticket_policy_7470113506d6e978,https://yagu.today/calendar/2026/9,두산,DOOSAN,ticket_policy,2026-09-05 03:01:02,"[선예매] 두산 선예매 (두린이클럽) 9월 23일 수요일 오전 10시 (9/30 NC전) NC vs 두산 (9/30) 오픈: 9월 23일 수요일 오전 최대 4매 예매처: 구단 홈페이지 어린이 대상, 구단 홈페이지만 가능",CONFIRMED,THIRD_PARTY_API,OK,선예매,두산 선예매,두린이클럽,9월 23일 수요일,오전,10시,9/30,NC,NC,두산,NC,DOOSAN,4,"구단 홈페이지 어린이 대상, 구단 홈페이지만 가능"
ticket_policy_4182a39f3b5d7851,ticket_policy_ddf9f76f31ff34e2,https://yagu.today/calendar/2026/9,KIA,KIA,ticket_policy,2026-09-05 03:01:02,[선예매] KIA 시즌권 선예매 9월 23일 수요일 오전 10시 (10/1 KT전) KT vs KIA (10/1) 오픈: 9월 23일 수요일 오전 최대 2매 예매처: 타이거즈앱 앱 전용 등급별 조건 오피셜 미확정 (2026 시즌 공지 대기),CONFIRMED,THIRD_PARTY_API,OK,선예매,KIA 시즌권 선예매,,9월 23일 수요일,오전,10시,10/1,KT,KT,KIA,KT,KIA,2,타이거즈앱 앱 전용 등급별 조건 오피셜 미확정 (2026 시즌 공지 대기)
ticket_policy_2655163bb2960710,ticket_policy_a815cd31d1778e13,https://yagu.today/calendar/2026/9,롯데,LOTTE,ticket_policy,2026-09-05 03:01:02,[선예매] 롯데 선예매 (시즌권) 9월 23일 수요일 오전 10시 (10/7 KIA전) KIA vs 롯데 (10/7) 오픈: 9월 23일 수요일 오전 최대 2매 예매처: 롯데 자이언츠 앱/웹,CONFIRMED,THIRD_PARTY_API,OK,선예매,롯데 선예매,시즌권,9월 23일 수요일,오전,10시,10/7,KIA,KIA,롯데,KIA,LOTTE,2,롯데 자이언츠 앱/웹
ticket_policy_368386fddc3e8e38,ticket_policy_a815cd31d1778e13,https://yagu.today/calendar/2026/9,롯데,LOTTE,ticket_policy,2026-09-05 03:01:02,[선예매] 롯데 선예매 (멤버십) 9월 23일 수요일 오전 10시 (10/7 KIA전) KIA vs 롯데 (10/7) 오픈: 9월 23일 수요일 오전 최대 2매 예매처: 롯데 자이언츠 앱/웹,CONFIRMED,THIRD_PARTY_API,OK,선예매,롯데 선예매,멤버십,9월 23일 수요일,오전,10시,10/7,KIA,KIA,롯데,KIA,LOTTE,2,롯데 자이언츠 앱/웹
ticket_policy_af8a9d95724b77b1,ticket_policy_9dc6dd50bcab6655,https://yagu.today/calendar/2026/9,KIA,KIA,ticket_policy,2026-09-05 03:01:02,[선예매] KIA 얼리 멤버십 9월 23일 수요일 오전 10시 30분 (10/1 KT전) KT vs KIA (10/1) 오픈: 9월 23일 수요일 오전 30분 최대 2매 예매처: 타이거즈앱 앱 전용 일반석 한정,CONFIRMED,THIRD_PARTY_API,OK,선예매,KIA 얼리 멤버십,,9월 23일 수요일,오전,10시 30분,10/1,KT,KT,KIA,KT,KIA,2,타이거즈앱 앱 전용 일반석 한정
ticket_policy_5d202f0ca6c39768,ticket_policy_e91a91b3a73c9644,https://yagu.today/calendar/2026/9,SSG,SSG,ticket_policy,2026-09-05 03:01:02,"[선예매] SSG 푸리 선예매 9월 23일 수요일 오전 11시 (9/29 LG전) LG vs SSG (9/29) 오픈: 9월 23일 수요일 오전 최대 6매 예매처: SSG 랜더스 앱 앱 전용 수수료 없음, 스타벅스 게이트 이용 가능",CONFIRMED,THIRD_PARTY_API,OK,선예매,SSG 푸리 선예매,,9월 23일 수요일,오전,11시,9/29,LG,LG,SSG,LG,SSG,6,"SSG 랜더스 앱 앱 전용 수수료 없음, 스타벅스 게이트 이용 가능"
ticket_policy_098ab10ad4343d99,ticket_policy_8ff373c90534047d,https://yagu.today/calendar/2026/9,KIA,KIA,ticket_policy,2026-09-05 03:01:02,"[일반] KIA 일반예매 9월 23일 수요일 오전 11시 (9/30 KT전) KT vs KIA (9/30) 오픈: 9월 23일 수요일 오전 최대 8매 예매처: 티켓링크 / 타이거즈앱 앱/티켓링크앱=특별석 포함, PC 티켓링크=일반석만",CONFIRMED,THIRD_PARTY_API,OK,일반,KIA 일반예매,,9월 23일 수요일,오전,11시,9/30,KT,KT,KIA,KT,KIA,8,"티켓링크 / 타이거즈앱 앱/티켓링크앱=특별석 포함, PC 티켓링크=일반석만"
ticket_policy_30a9eafb546ca503,ticket_policy_e91a91b3a73c9644,https://yagu.today/calendar/2026/9,SSG,SSG,ticket_policy,2026-09-05 03:01:02,"[선예매] SSG 랜디 선예매 9월 23일 수요일 오전 11시 (9/30 LG전) LG vs SSG (9/30) 오픈: 9월 23일 수요일 오전 최대 6매 예매처: SSG 랜더스 앱 앱 전용 수수료 없음, 전용게이트 1시간 전 입장",CONFIRMED,THIRD_PARTY_API,OK,선예매,SSG 랜디 선예매,,9월 23일 수요일,오전,11시,9/30,LG,LG,SSG,LG,SSG,6,"SSG 랜더스 앱 앱 전용 수수료 없음, 전용게이트 1시간 전 입장"
ticket_policy_ff0f242d0871f7e1,ticket_policy_e91a91b3a73c9644,https://yagu.today/calendar/2026/9,SSG,SSG,ticket_policy,2026-09-05 03:01:02,"[선예매] SSG 베티 선예매 9월 23일 수요일 오전 11시 (9/30 LG전) LG vs SSG (9/30) 오픈: 9월 23일 수요일 오전 최대 6매 예매처: SSG 랜더스 앱 앱 전용 수수료 없음, 스타벅스 게이트 이용 가능",CONFIRMED,THIRD_PARTY_API,OK,선예매,SSG 베티 선예매,,9월 23일 수요일,오전,11시,9/30,LG,LG,SSG,LG,SSG,6,"SSG 랜더스 앱 앱 전용 수수료 없음, 스타벅스 게이트 이용 가능"
ticket_policy_6e838e176b13341d,ticket_policy_39e8b1bd92454688,https://yagu.today/calendar/2026/9,두산,DOOSAN,ticket_policy,2026-09-05 03:01:02,[일반] 두산 일반예매 9월 23일 수요일 오전 11시 (9/30 NC전) NC vs 두산 (9/30) 오픈: 9월 23일 수요일 오전 예매처: 놀티켓 / 구단 홈페이지,CONFIRMED,THIRD_PARTY_API,OK,일반,두산 일반예매,,9월 23일 수요일,오전,11시,9/30,NC,NC,두산,NC,DOOSAN,,놀티켓 / 구단 홈페이지
ticket_policy_2945aa064aa1e1eb,ticket_policy_2f11afde2eae5470,https://yagu.today/calendar/2026/9,롯데,LOTTE,ticket_policy,2026-09-05 03:01:02,[일반] 롯데 일반예매 9월 23일 수요일 오후 2시 (10/7 KIA전) KIA vs 롯데 (10/7) 오픈: 9월 23일 수요일 오후 최대 8매 예매처: 롯데 자이언츠 앱/웹 선예매 포함 합산 최대 8매. 홈개막 시리즈 한해 앱 전용 (추가 공지),CONFIRMED,THIRD_PARTY_API,OK,일반,롯데 일반예매,,9월 23일 수요일,오후,2시,10/7,KIA,KIA,롯데,KIA,LOTTE,8,롯데 자이언츠 앱/웹 선예매 포함 합산 최대 8매. 홈개막 시리즈 한해 앱 전용 (추가 공지)
ticket_policy_5df423b8f0806185,ticket_policy_efa026146be533f8,https://yagu.today/calendar/2026/9,두산,DOOSAN,ticket_policy,2026-09-05 03:01:02,"[선예매] 두산 선예매 (베어스클럽) 9월 24일 목요일 오전 10시 (10/1 NC전) NC vs 두산 (10/1) 오픈: 9월 24일 목요일 오전 최대 2매 예매처: 구단 홈페이지 성인 대상, 구단 홈페이지만 가능",CONFIRMED,THIRD_PARTY_API,OK,선예매,두산 선예매,베어스클럽,9월 24일 목요일,오전,10시,10/1,NC,NC,두산,NC,DOOSAN,2,"구단 홈페이지 성인 대상, 구단 홈페이지만 가능"
ticket_policy_ed01009d024fe88b,ticket_policy_efa026146be533f8,https://yagu.today/calendar/2026/9,두산,DOOSAN,ticket_policy,2026-09-05 03:01:02,"[선예매] 두산 선예매 (두린이클럽) 9월 24일 목요일 오전 10시 (10/1 NC전) NC vs 두산 (10/1) 오픈: 9월 24일 목요일 오전 최대 4매 예매처: 구단 홈페이지 어린이 대상, 구단 홈페이지만 가능",CONFIRMED,THIRD_PARTY_API,OK,선예매,두산 선예매,두린이클럽,9월 24일 목요일,오전,10시,10/1,NC,NC,두산,NC,DOOSAN,4,"구단 홈페이지 어린이 대상, 구단 홈페이지만 가능"
ticket_policy_72081da2dc192ee4,ticket_policy_b09bb4dec195acd1,https://yagu.today/calendar/2026/9,SSG,SSG,ticket_policy,2026-09-05 03:01:02,[일반] SSG 일반예매 (프렌즈) 9월 24일 목요일 오전 11시 (9/29 LG전) LG vs SSG (9/29) 오픈: 9월 24일 목요일 오전 최대 6매 예매처: 쓱닷컴 앱/웹 스타벅스 게이트 이용 가능,CONFIRMED,THIRD_PARTY_API,OK,일반,SSG 일반예매,프렌즈,9월 24일 목요일,오전,11시,9/29,LG,LG,SSG,LG,SSG,6,쓱닷컴 앱/웹 스타벅스 게이트 이용 가능
ticket_policy_bbd8582563e373b7,ticket_policy_b09bb4dec195acd1,https://yagu.today/calendar/2026/9,SSG,SSG,ticket_policy,2026-09-05 03:01:02,"[선예매] SSG 푸리 선예매 9월 24일 목요일 오전 11시 (9/30 LG전) LG vs SSG (9/30) 오픈: 9월 24일 목요일 오전 최대 6매 예매처: SSG 랜더스 앱 앱 전용 수수료 없음, 스타벅스 게이트 이용 가능",CONFIRMED,THIRD_PARTY_API,OK,선예매,SSG 푸리 선예매,,9월 24일 목요일,오전,11시,9/30,LG,LG,SSG,LG,SSG,6,"SSG 랜더스 앱 앱 전용 수수료 없음, 스타벅스 게이트 이용 가능"
ticket_policy_1e8c6b87003b446d,ticket_policy_9bff6740154d7c08,https://yagu.today/calendar/2026/9,KIA,KIA,ticket_policy,2026-09-05 03:01:02,"[일반] KIA 일반예매 9월 24일 목요일 오전 11시 (10/1 KT전) KT vs KIA (10/1) 오픈: 9월 24일 목요일 오전 최대 8매 예매처: 티켓링크 / 타이거즈앱 앱/티켓링크앱=특별석 포함, PC 티켓링크=일반석만",CONFIRMED,THIRD_PARTY_API,OK,일반,KIA 일반예매,,9월 24일 목요일,오전,11시,10/1,KT,KT,KIA,KT,KIA,8,"티켓링크 / 타이거즈앱 앱/티켓링크앱=특별석 포함, PC 티켓링크=일반석만"
ticket_policy_9618819a05590a0f,ticket_policy_b09bb4dec195acd1,https://yagu.today/calendar/2026/9,SSG,SSG,ticket_policy,2026-09-05 03:01:02,"[선예매] SSG 랜디 선예매 9월 24일 목요일 오전 11시 (10/1 LG전) LG vs SSG (10/1) 오픈: 9월 24일 목요일 오전 최대 6매 예매처: SSG 랜더스 앱 앱 전용 수수료 없음, 전용게이트 1시간 전 입장",CONFIRMED,THIRD_PARTY_API,OK,선예매,SSG 랜디 선예매,,9월 24일 목요일,오전,11시,10/1,LG,LG,SSG,LG,SSG,6,"SSG 랜더스 앱 앱 전용 수수료 없음, 전용게이트 1시간 전 입장"
ticket_policy_f5f16e8011ca5920,ticket_policy_b09bb4dec195acd1,https://yagu.today/calendar/2026/9,SSG,SSG,ticket_policy,2026-09-05 03:01:02,"[선예매] SSG 베티 선예매 9월 24일 목요일 오전 11시 (10/1 LG전) LG vs SSG (10/1) 오픈: 9월 24일 목요일 오전 최대 6매 예매처: SSG 랜더스 앱 앱 전용 수수료 없음, 스타벅스 게이트 이용 가능",CONFIRMED,THIRD_PARTY_API,OK,선예매,SSG 베티 선예매,,9월 24일 목요일,오전,11시,10/1,LG,LG,SSG,LG,SSG,6,"SSG 랜더스 앱 앱 전용 수수료 없음, 스타벅스 게이트 이용 가능"
ticket_policy_a9861765d70bfcc9,ticket_policy_13f6f710b9a773e3,https://yagu.today/calendar/2026/9,두산,DOOSAN,ticket_policy,2026-09-05 03:01:02,[일반] 두산 일반예매 9월 24일 목요일 오전 11시 (10/1 NC전) NC vs 두산 (10/1) 오픈: 9월 24일 목요일 오전 예매처: 놀티켓 / 구단 홈페이지,CONFIRMED,THIRD_PARTY_API,OK,일반,두산 일반예매,,9월 24일 목요일,오전,11시,10/1,NC,NC,두산,NC,DOOSAN,,놀티켓 / 구단 홈페이지
ticket_policy_646a748d8a58089f,ticket_policy_9de2bff388954838,https://yagu.today/calendar/2026/9,LG,LG,ticket_policy,2026-09-05 03:01:02,[선예매] LG 선선예매 (장기회원) 9월 24일 목요일 오후 2시 (10/3 KIA전) KIA vs LG (10/3) 오픈: 9월 24일 목요일 오후 최대 4매 예매처: 구단 홈페이지 1루 오렌지 불가,CONFIRMED,THIRD_PARTY_API,OK,선예매,LG 선선예매,장기회원,9월 24일 목요일,오후,2시,10/3,KIA,KIA,LG,KIA,LG,4,구단 홈페이지 1루 오렌지 불가
ticket_policy_14a5024f48cad966,ticket_policy_4158bff4b249c3b1,https://yagu.today/calendar/2026/9,SSG,SSG,ticket_policy,2026-09-05 03:01:02,[일반] SSG 일반예매 (프렌즈) 9월 25일 금요일 오전 11시 (9/30 LG전) LG vs SSG (9/30) 오픈: 9월 25일 금요일 오전 최대 6매 예매처: 쓱닷컴 앱/웹 스타벅스 게이트 이용 가능,CONFIRMED,THIRD_PARTY_API,OK,일반,SSG 일반예매,프렌즈,9월 25일 금요일,오전,11시,9/30,LG,LG,SSG,LG,SSG,6,쓱닷컴 앱/웹 스타벅스 게이트 이용 가능
ticket_policy_4b6c4f2fd7d402bf,ticket_policy_4158bff4b249c3b1,https://yagu.today/calendar/2026/9,SSG,SSG,ticket_policy,2026-09-05 03:01:02,"[선예매] SSG 푸리 선예매 9월 25일 금요일 오전 11시 (10/1 LG전) LG vs SSG (10/1) 오픈: 9월 25일 금요일 오전 최대 6매 예매처: SSG 랜더스 앱 앱 전용 수수료 없음, 스타벅스 게이트 이용 가능",CONFIRMED,THIRD_PARTY_API,OK,선예매,SSG 푸리 선예매,,9월 25일 금요일,오전,11시,10/1,LG,LG,SSG,LG,SSG,6,"SSG 랜더스 앱 앱 전용 수수료 없음, 스타벅스 게이트 이용 가능"
ticket_policy_9874be9f19ce2639,ticket_policy_37b8cea39ce2e49c,https://yagu.today/calendar/2026/9,LG,LG,ticket_policy,2026-09-05 03:01:02,"[선예매] LG 선예매 9월 25일 금요일 오후 2시 (10/3 KIA전) KIA vs LG (10/3) 오픈: 9월 25일 금요일 오후 최대 4매 예매처: 구단 홈페이지 구단 홈페이지만. 불가: 1루 블루 109, 1루 오렌지 205, 1루 레드 203, 1루 네이비 303/308, 3루 오렌지 219~222, 3루 네이비 326~330",CONFIRMED,THIRD_PARTY_API,OK,선예매,LG 선예매,,9월 25일 금요일,오후,2시,10/3,KIA,KIA,LG,KIA,LG,4,"구단 홈페이지 구단 홈페이지만. 불가: 1루 블루 109, 1루 오렌지 205, 1루 레드 203, 1루 네이비 303/308, 3루 오렌지 219~222, 3루 네이비 326~330"
ticket_policy_fe9741e68958e971,ticket_policy_37b8cea39ce2e49c,https://yagu.today/calendar/2026/9,LG,LG,ticket_policy,2026-09-05 03:01:02,[선예매] LG 선선예매 (장기회원) 9월 25일 금요일 오후 2시 (10/4 KIA전) KIA vs LG (10/4) 오픈: 9월 25일 금요일 오후 최대 4매 예매처: 구단 홈페이지 1루 오렌지 불가,CONFIRMED,THIRD_PARTY_API,OK,선예매,LG 선선예매,장기회원,9월 25일 금요일,오후,2시,10/4,KIA,KIA,LG,KIA,LG,4,구단 홈페이지 1루 오렌지 불가
ticket_policy_bc22bdd98c8185e9,ticket_policy_a7f6d62d888d5445,https://yagu.today/calendar/2026/9,NC,NC,ticket_policy,2026-09-05 03:01:02,[선예매] NC 민트멤버십플러스 9월 25일 금요일 오후 5시 (10/3 SSG전) SSG vs NC (10/3) 오픈: 9월 25일 금요일 오후 최대 4매 예매처: 구단 홈페이지 / 앱,CONFIRMED,THIRD_PARTY_API,OK,선예매,NC 민트멤버십플러스,,9월 25일 금요일,오후,5시,10/3,SSG,SSG,NC,SSG,NC,4,구단 홈페이지 / 앱
ticket_policy_6c4508eaa9693ae2,ticket_policy_e8e13d51820e489f,https://yagu.today/calendar/2026/9,SSG,SSG,ticket_policy,2026-09-05 03:01:02,[일반] SSG 일반예매 (프렌즈) 9월 26일 토요일 오전 11시 (10/1 LG전) LG vs SSG (10/1) 오픈: 9월 26일 토요일 오전 최대 6매 예매처: 쓱닷컴 앱/웹 스타벅스 게이트 이용 가능,CONFIRMED,THIRD_PARTY_API,OK,일반,SSG 일반예매,프렌즈,9월 26일 토요일,오전,11시,10/1,LG,LG,SSG,LG,SSG,6,쓱닷컴 앱/웹 스타벅스 게이트 이용 가능
ticket_policy_3afae08c3183785e,ticket_policy_afd153d20d20a5a8,https://yagu.today/calendar/2026/9,LG,LG,ticket_policy,2026-09-05 03:01:02,[일반] LG 일반예매 9월 26일 토요일 오전 11시 (10/3 KIA전) KIA vs LG (10/3) 오픈: 9월 26일 토요일 오전 예매처: 티켓링크 / 구단 홈페이지,CONFIRMED,THIRD_PARTY_API,OK,일반,LG 일반예매,,9월 26일 토요일,오전,11시,10/3,KIA,KIA,LG,KIA,LG,,티켓링크 / 구단 홈페이지
ticket_policy_d7f8c271f22e5213,ticket_policy_036e830107998b4c,https://yagu.today/calendar/2026/9,NC,NC,ticket_policy,2026-09-05 03:01:02,[일반] NC 일반예매 9월 26일 토요일 오전 11시 (10/3 SSG전) SSG vs NC (10/3) 오픈: 9월 26일 토요일 오전 최대 4매 예매처: 구단 홈페이지 / 앱,CONFIRMED,THIRD_PARTY_API,OK,일반,NC 일반예매,,9월 26일 토요일,오전,11시,10/3,SSG,SSG,NC,SSG,NC,4,구단 홈페이지 / 앱
ticket_policy_f22934bce5cb0145,ticket_policy_036e830107998b4c,https://yagu.today/calendar/2026/9,NC,NC,ticket_policy,2026-09-05 03:01:02,[선예매] NC 민트멤버십 9월 26일 토요일 오전 11시 (10/3 SSG전) SSG vs NC (10/3) 오픈: 9월 26일 토요일 오전 최대 4매 예매처: 구단 홈페이지 / 앱,CONFIRMED,THIRD_PARTY_API,OK,선예매,NC 민트멤버십,,9월 26일 토요일,오전,11시,10/3,SSG,SSG,NC,SSG,NC,4,구단 홈페이지 / 앱
ticket_policy_0d84ad1975603b11,ticket_policy_aab77b30e89bb65f,https://yagu.today/calendar/2026/9,한화,HANWHA,ticket_policy,2026-09-05 03:01:02,[일반] 한화 일반예매 9월 26일 토요일 오전 11시 (10/3 키움전) 키움 vs 한화 (10/3) 오픈: 9월 26일 토요일 오전 최대 4매 예매처: 한화이글스 홈페이지 / 티켓링크 앱,CONFIRMED,THIRD_PARTY_API,OK,일반,한화 일반예매,,9월 26일 토요일,오전,11시,10/3,키움,키움,한화,KIWOOM,HANWHA,4,한화이글스 홈페이지 / 티켓링크 앱
ticket_policy_c8c3db3e30d4f81d,ticket_policy_f78849f45ae985cf,https://yagu.today/calendar/2026/9,KT,KT,ticket_policy,2026-09-05 03:01:02,[선예매] KT 시즌권 선예매 9월 26일 토요일 오후 1시 (10/3 롯데전) 롯데 vs KT (10/3) 오픈: 9월 26일 토요일 오후 최대 2매 예매처: 티켓링크 / WIZ APP,CONFIRMED,THIRD_PARTY_API,OK,선예매,KT 시즌권 선예매,,9월 26일 토요일,오후,1시,10/3,롯데,롯데,KT,LOTTE,KT,2,티켓링크 / WIZ APP
ticket_policy_646c2cdef2bad6f0,ticket_policy_c1293f3b23b83d13,https://yagu.today/calendar/2026/9,KT,KT,ticket_policy,2026-09-05 03:01:02,"[선예매] KT 매직회원 9월 26일 토요일 오후 2시 (10/3 롯데전) 롯데 vs KT (10/3) 오픈: 9월 26일 토요일 오후 예매처: 티켓링크 / WIZ APP 시즌 6매, 응원지정석만",CONFIRMED,THIRD_PARTY_API,OK,선예매,KT 매직회원,,9월 26일 토요일,오후,2시,10/3,롯데,롯데,KT,LOTTE,KT,,"티켓링크 / WIZ APP 시즌 6매, 응원지정석만"
ticket_policy_818f704c80dc605b,ticket_policy_c1293f3b23b83d13,https://yagu.today/calendar/2026/9,KT,KT,ticket_policy,2026-09-05 03:01:02,[선예매] KT 빅또리 9월 26일 토요일 오후 2시 (10/3 롯데전) 롯데 vs KT (10/3) 오픈: 9월 26일 토요일 오후 예매처: 티켓링크 / WIZ APP 시즌 10매,CONFIRMED,THIRD_PARTY_API,OK,선예매,KT 빅또리,,9월 26일 토요일,오후,2시,10/3,롯데,롯데,KT,LOTTE,KT,,티켓링크 / WIZ APP 시즌 10매
ticket_policy_d0b0e62673ea618a,ticket_policy_a8a2dd7bec687a3c,https://yagu.today/calendar/2026/9,LG,LG,ticket_policy,2026-09-05 03:01:02,"[선예매] LG 선예매 9월 26일 토요일 오후 2시 (10/4 KIA전) KIA vs LG (10/4) 오픈: 9월 26일 토요일 오후 최대 4매 예매처: 구단 홈페이지 구단 홈페이지만. 불가: 1루 블루 109, 1루 오렌지 205, 1루 레드 203, 1루 네이비 303/308, 3루 오렌지 219~222, 3루 네이비 326~330",CONFIRMED,THIRD_PARTY_API,OK,선예매,LG 선예매,,9월 26일 토요일,오후,2시,10/4,KIA,KIA,LG,KIA,LG,4,"구단 홈페이지 구단 홈페이지만. 불가: 1루 블루 109, 1루 오렌지 205, 1루 레드 203, 1루 네이비 303/308, 3루 오렌지 219~222, 3루 네이비 326~330"
ticket_policy_4c55d89b343737b9,ticket_policy_a8a2dd7bec687a3c,https://yagu.today/calendar/2026/9,LG,LG,ticket_policy,2026-09-05 03:01:02,[선예매] LG 선선예매 (장기회원) 9월 26일 토요일 오후 2시 (10/5 KIA전) KIA vs LG (10/5) 오픈: 9월 26일 토요일 오후 최대 4매 예매처: 구단 홈페이지 1루 오렌지 불가,CONFIRMED,THIRD_PARTY_API,OK,선예매,LG 선선예매,장기회원,9월 26일 토요일,오후,2시,10/5,KIA,KIA,LG,KIA,LG,4,구단 홈페이지 1루 오렌지 불가
ticket_policy_303d0a6741260d57,ticket_policy_3a590c605252bc31,https://yagu.today/calendar/2026/9,KT,KT,ticket_policy,2026-09-05 03:01:02,[일반] KT 일반예매 9월 26일 토요일 오후 4시 (10/3 롯데전) 롯데 vs KT (10/3) 오픈: 9월 26일 토요일 오후 예매처: 티켓링크 / WIZ APP,CONFIRMED,THIRD_PARTY_API,OK,일반,KT 일반예매,,9월 26일 토요일,오후,4시,10/3,롯데,롯데,KT,LOTTE,KT,,티켓링크 / WIZ APP
ticket_policy_f5c67175358e896e,ticket_policy_a2b4f2579ce96ebb,https://yagu.today/calendar/2026/9,NC,NC,ticket_policy,2026-09-05 03:01:02,[선예매] NC 민트멤버십플러스 9월 26일 토요일 오후 5시 (10/4 SSG전) SSG vs NC (10/4) 오픈: 9월 26일 토요일 오후 최대 4매 예매처: 구단 홈페이지 / 앱,CONFIRMED,THIRD_PARTY_API,OK,선예매,NC 민트멤버십플러스,,9월 26일 토요일,오후,5시,10/4,SSG,SSG,NC,SSG,NC,4,구단 홈페이지 / 앱
ticket_policy_9478495472ddbfef,ticket_policy_3f7d1130852d5d4d,https://yagu.today/calendar/2026/9,LG,LG,ticket_policy,2026-09-05 03:01:02,[일반] LG 일반예매 9월 27일 일요일 오전 11시 (10/4 KIA전) KIA vs LG (10/4) 오픈: 9월 27일 일요일 오전 예매처: 티켓링크 / 구단 홈페이지,CONFIRMED,THIRD_PARTY_API,OK,일반,LG 일반예매,,9월 27일 일요일,오전,11시,10/4,KIA,KIA,LG,KIA,LG,,티켓링크 / 구단 홈페이지
ticket_policy_5340c1cb969c0559,ticket_policy_d8e6c8995f3aee15,https://yagu.today/calendar/2026/9,NC,NC,ticket_policy,2026-09-05 03:01:02,[일반] NC 일반예매 9월 27일 일요일 오전 11시 (10/4 SSG전) SSG vs NC (10/4) 오픈: 9월 27일 일요일 오전 최대 4매 예매처: 구단 홈페이지 / 앱,CONFIRMED,THIRD_PARTY_API,OK,일반,NC 일반예매,,9월 27일 일요일,오전,11시,10/4,SSG,SSG,NC,SSG,NC,4,구단 홈페이지 / 앱
ticket_policy_268f6469a5f592c3,ticket_policy_d8e6c8995f3aee15,https://yagu.today/calendar/2026/9,NC,NC,ticket_policy,2026-09-05 03:01:02,[선예매] NC 민트멤버십 9월 27일 일요일 오전 11시 (10/4 SSG전) SSG vs NC (10/4) 오픈: 9월 27일 일요일 오전 최대 4매 예매처: 구단 홈페이지 / 앱,CONFIRMED,THIRD_PARTY_API,OK,선예매,NC 민트멤버십,,9월 27일 일요일,오전,11시,10/4,SSG,SSG,NC,SSG,NC,4,구단 홈페이지 / 앱
ticket_policy_2bc63451558a6c78,ticket_policy_24efa7770c1cd9b2,https://yagu.today/calendar/2026/9,한화,HANWHA,ticket_policy,2026-09-05 03:01:02,[일반] 한화 일반예매 9월 27일 일요일 오전 11시 (10/4 키움전) 키움 vs 한화 (10/4) 오픈: 9월 27일 일요일 오전 최대 4매 예매처: 한화이글스 홈페이지 / 티켓링크 앱,CONFIRMED,THIRD_PARTY_API,OK,일반,한화 일반예매,,9월 27일 일요일,오전,11시,10/4,키움,키움,한화,KIWOOM,HANWHA,4,한화이글스 홈페이지 / 티켓링크 앱
ticket_policy_c9b7d7081f849512,ticket_policy_09fa329a702b7556,https://yagu.today/calendar/2026/9,KT,KT,ticket_policy,2026-09-05 03:01:02,[선예매] KT 시즌권 선예매 9월 27일 일요일 오후 1시 (10/4 롯데전) 롯데 vs KT (10/4) 오픈: 9월 27일 일요일 오후 최대 2매 예매처: 티켓링크 / WIZ APP,CONFIRMED,THIRD_PARTY_API,OK,선예매,KT 시즌권 선예매,,9월 27일 일요일,오후,1시,10/4,롯데,롯데,KT,LOTTE,KT,2,티켓링크 / WIZ APP
ticket_policy_8f67f588fbaf8d7e,ticket_policy_e84abd5ee6d3eaba,https://yagu.today/calendar/2026/9,KT,KT,ticket_policy,2026-09-05 03:01:02,"[선예매] KT 매직회원 9월 27일 일요일 오후 2시 (10/4 롯데전) 롯데 vs KT (10/4) 오픈: 9월 27일 일요일 오후 예매처: 티켓링크 / WIZ APP 시즌 6매, 응원지정석만",CONFIRMED,THIRD_PARTY_API,OK,선예매,KT 매직회원,,9월 27일 일요일,오후,2시,10/4,롯데,롯데,KT,LOTTE,KT,,"티켓링크 / WIZ APP 시즌 6매, 응원지정석만"
ticket_policy_e367162fb547ec3d,ticket_policy_e84abd5ee6d3eaba,https://yagu.today/calendar/2026/9,KT,KT,ticket_policy,2026-09-05 03:01:02,[선예매] KT 빅또리 9월 27일 일요일 오후 2시 (10/4 롯데전) 롯데 vs KT (10/4) 오픈: 9월 27일 일요일 오후 예매처: 티켓링크 / WIZ APP 시즌 10매,CONFIRMED,THIRD_PARTY_API,OK,선예매,KT 빅또리,,9월 27일 일요일,오후,2시,10/4,롯데,롯데,KT,LOTTE,KT,,티켓링크 / WIZ APP 시즌 10매
ticket_policy_569ae9bd210d9f71,ticket_policy_ac58d3f5ab4311a1,https://yagu.today/calendar/2026/9,LG,LG,ticket_policy,2026-09-05 03:01:02,"[선예매] LG 선예매 9월 27일 일요일 오후 2시 (10/5 KIA전) KIA vs LG (10/5) 오픈: 9월 27일 일요일 오후 최대 4매 예매처: 구단 홈페이지 구단 홈페이지만. 불가: 1루 블루 109, 1루 오렌지 205, 1루 레드 203, 1루 네이비 303/308, 3루 오렌지 219~222, 3루 네이비 326~330",CONFIRMED,THIRD_PARTY_API,OK,선예매,LG 선예매,,9월 27일 일요일,오후,2시,10/5,KIA,KIA,LG,KIA,LG,4,"구단 홈페이지 구단 홈페이지만. 불가: 1루 블루 109, 1루 오렌지 205, 1루 레드 203, 1루 네이비 303/308, 3루 오렌지 219~222, 3루 네이비 326~330"
ticket_policy_aaedaf0795ceab53,ticket_policy_50cdea69536e7a63,https://yagu.today/calendar/2026/9,LG,LG,ticket_policy,2026-09-05 03:01:02,[선예매] LG 선선예매 (장기회원) 9월 27일 일요일 오후 2시 (10/6 NC전) NC vs LG (10/6) 오픈: 9월 27일 일요일 오후 최대 4매 예매처: 구단 홈페이지 1루 오렌지 불가,CONFIRMED,THIRD_PARTY_API,OK,선예매,LG 선선예매,장기회원,9월 27일 일요일,오후,2시,10/6,NC,NC,LG,NC,LG,4,구단 홈페이지 1루 오렌지 불가
ticket_policy_10b430a3a47b47db,ticket_policy_d6ffd813cae554a8,https://yagu.today/calendar/2026/9,KT,KT,ticket_policy,2026-09-05 03:01:02,[일반] KT 일반예매 9월 27일 일요일 오후 4시 (10/4 롯데전) 롯데 vs KT (10/4) 오픈: 9월 27일 일요일 오후 예매처: 티켓링크 / WIZ APP,CONFIRMED,THIRD_PARTY_API,OK,일반,KT 일반예매,,9월 27일 일요일,오후,4시,10/4,롯데,롯데,KT,LOTTE,KT,,티켓링크 / WIZ APP
ticket_policy_82571d5f27bbd411,ticket_policy_481be8bc0ab791fb,https://yagu.today/calendar/2026/9,NC,NC,ticket_policy,2026-09-05 03:01:02,[선예매] NC 민트멤버십플러스 9월 27일 일요일 오후 5시 (10/5 SSG전) SSG vs NC (10/5) 오픈: 9월 27일 일요일 오후 최대 4매 예매처: 구단 홈페이지 / 앱,CONFIRMED,THIRD_PARTY_API,OK,선예매,NC 민트멤버십플러스,,9월 27일 일요일,오후,5시,10/5,SSG,SSG,NC,SSG,NC,4,구단 홈페이지 / 앱
ticket_policy_66408037892c060c,ticket_policy_592dc47e3c62aac2,https://yagu.today/calendar/2026/9,KIA,KIA,ticket_policy,2026-09-05 03:01:02,[선예매] KIA 시즌권 선예매 9월 28일 월요일 오전 10시 (10/6 삼성전) 삼성 vs KIA (10/6) 오픈: 9월 28일 월요일 오전 최대 2매 예매처: 타이거즈앱 앱 전용 등급별 조건 오피셜 미확정 (2026 시즌 공지 대기),CONFIRMED,THIRD_PARTY_API,OK,선예매,KIA 시즌권 선예매,,9월 28일 월요일,오전,10시,10/6,삼성,삼성,KIA,SAMSUNG,KIA,2,타이거즈앱 앱 전용 등급별 조건 오피셜 미확정 (2026 시즌 공지 대기)
ticket_policy_b9f2a55a396a1467,ticket_policy_2d21ceca6b7c72bd,https://yagu.today/calendar/2026/9,KIA,KIA,ticket_policy,2026-09-05 03:01:02,[선예매] KIA 얼리 멤버십 9월 28일 월요일 오전 10시 30분 (10/6 삼성전) 삼성 vs KIA (10/6) 오픈: 9월 28일 월요일 오전 30분 최대 2매 예매처: 타이거즈앱 앱 전용 일반석 한정,CONFIRMED,THIRD_PARTY_API,OK,선예매,KIA 얼리 멤버십,,9월 28일 월요일,오전,10시 30분,10/6,삼성,삼성,KIA,SAMSUNG,KIA,2,타이거즈앱 앱 전용 일반석 한정
ticket_policy_b720f178ebb47f4c,ticket_policy_2f75350167d846ea,https://yagu.today/calendar/2026/9,LG,LG,ticket_policy,2026-09-05 03:01:02,[일반] LG 일반예매 9월 28일 월요일 오전 11시 (10/5 KIA전) KIA vs LG (10/5) 오픈: 9월 28일 월요일 오전 예매처: 티켓링크 / 구단 홈페이지,CONFIRMED,THIRD_PARTY_API,OK,일반,LG 일반예매,,9월 28일 월요일,오전,11시,10/5,KIA,KIA,LG,KIA,LG,,티켓링크 / 구단 홈페이지
ticket_policy_606626665eb222c7,ticket_policy_fb18cad44e442e3c,https://yagu.today/calendar/2026/9,NC,NC,ticket_policy,2026-09-05 03:01:02,[일반] NC 일반예매 9월 28일 월요일 오전 11시 (10/5 SSG전) SSG vs NC (10/5) 오픈: 9월 28일 월요일 오전 최대 4매 예매처: 구단 홈페이지 / 앱,CONFIRMED,THIRD_PARTY_API,OK,일반,NC 일반예매,,9월 28일 월요일,오전,11시,10/5,SSG,SSG,NC,SSG,NC,4,구단 홈페이지 / 앱
ticket_policy_ff90ff5bedc8eaf2,ticket_policy_fb18cad44e442e3c,https://yagu.today/calendar/2026/9,NC,NC,ticket_policy,2026-09-05 03:01:02,[선예매] NC 민트멤버십 9월 28일 월요일 오전 11시 (10/5 SSG전) SSG vs NC (10/5) 오픈: 9월 28일 월요일 오전 최대 4매 예매처: 구단 홈페이지 / 앱,CONFIRMED,THIRD_PARTY_API,OK,선예매,NC 민트멤버십,,9월 28일 월요일,오전,11시,10/5,SSG,SSG,NC,SSG,NC,4,구단 홈페이지 / 앱
ticket_policy_f0ca63fdffd614ff,ticket_policy_b84161fe7e4ec4a8,https://yagu.today/calendar/2026/9,한화,HANWHA,ticket_policy,2026-09-05 03:01:02,[일반] 한화 일반예매 9월 28일 월요일 오전 11시 (10/5 키움전) 키움 vs 한화 (10/5) 오픈: 9월 28일 월요일 오전 최대 4매 예매처: 한화이글스 홈페이지 / 티켓링크 앱,CONFIRMED,THIRD_PARTY_API,OK,일반,한화 일반예매,,9월 28일 월요일,오전,11시,10/5,키움,키움,한화,KIWOOM,HANWHA,4,한화이글스 홈페이지 / 티켓링크 앱
ticket_policy_8f87c03cfe912bcf,ticket_policy_98a37cdec23b859c,https://yagu.today/calendar/2026/9,KT,KT,ticket_policy,2026-09-05 03:01:02,[선예매] KT 시즌권 선예매 9월 28일 월요일 오후 1시 (10/5 롯데전) 롯데 vs KT (10/5) 오픈: 9월 28일 월요일 오후 최대 2매 예매처: 티켓링크 / WIZ APP,CONFIRMED,THIRD_PARTY_API,OK,선예매,KT 시즌권 선예매,,9월 28일 월요일,오후,1시,10/5,롯데,롯데,KT,LOTTE,KT,2,티켓링크 / WIZ APP
ticket_policy_01d25c024f3c299d,ticket_policy_9d84779fd0296a55,https://yagu.today/calendar/2026/9,KT,KT,ticket_policy,2026-09-05 03:01:02,"[선예매] KT 매직회원 9월 28일 월요일 오후 2시 (10/5 롯데전) 롯데 vs KT (10/5) 오픈: 9월 28일 월요일 오후 예매처: 티켓링크 / WIZ APP 시즌 6매, 응원지정석만",CONFIRMED,THIRD_PARTY_API,OK,선예매,KT 매직회원,,9월 28일 월요일,오후,2시,10/5,롯데,롯데,KT,LOTTE,KT,,"티켓링크 / WIZ APP 시즌 6매, 응원지정석만"
ticket_policy_cd2082e2ea3528bc,ticket_policy_9d84779fd0296a55,https://yagu.today/calendar/2026/9,KT,KT,ticket_policy,2026-09-05 03:01:02,[선예매] KT 빅또리 9월 28일 월요일 오후 2시 (10/5 롯데전) 롯데 vs KT (10/5) 오픈: 9월 28일 월요일 오후 예매처: 티켓링크 / WIZ APP 시즌 10매,CONFIRMED,THIRD_PARTY_API,OK,선예매,KT 빅또리,,9월 28일 월요일,오후,2시,10/5,롯데,롯데,KT,LOTTE,KT,,티켓링크 / WIZ APP 시즌 10매
ticket_policy_b281ad06ed8e581f,ticket_policy_c54085fe77340418,https://yagu.today/calendar/2026/9,LG,LG,ticket_policy,2026-09-05 03:01:02,"[선예매] LG 선예매 9월 28일 월요일 오후 2시 (10/6 NC전) NC vs LG (10/6) 오픈: 9월 28일 월요일 오후 최대 4매 예매처: 구단 홈페이지 구단 홈페이지만. 불가: 1루 블루 109, 1루 오렌지 205, 1루 레드 203, 1루 네이비 303/308, 3루 오렌지 219~222, 3루 네이비 326~330",CONFIRMED,THIRD_PARTY_API,OK,선예매,LG 선예매,,9월 28일 월요일,오후,2시,10/6,NC,NC,LG,NC,LG,4,"구단 홈페이지 구단 홈페이지만. 불가: 1루 블루 109, 1루 오렌지 205, 1루 레드 203, 1루 네이비 303/308, 3루 오렌지 219~222, 3루 네이비 326~330"
ticket_policy_30370483e1c90d5d,ticket_policy_d6a29f65726ed0d4,https://yagu.today/calendar/2026/9,LG,LG,ticket_policy,2026-09-05 03:01:02,[선예매] LG 선선예매 (장기회원) 9월 28일 월요일 오후 2시 (10/7 두산전) 두산 vs LG (10/7) 오픈: 9월 28일 월요일 오후 최대 4매 예매처: 구단 홈페이지 1루 오렌지 불가,CONFIRMED,THIRD_PARTY_API,OK,선예매,LG 선선예매,장기회원,9월 28일 월요일,오후,2시,10/7,두산,두산,LG,DOOSAN,LG,4,구단 홈페이지 1루 오렌지 불가
ticket_policy_d06988636405445f,ticket_policy_c4bdd74efe4ab28e,https://yagu.today/calendar/2026/9,KT,KT,ticket_policy,2026-09-05 03:01:02,[일반] KT 일반예매 9월 28일 월요일 오후 4시 (10/5 롯데전) 롯데 vs KT (10/5) 오픈: 9월 28일 월요일 오후 예매처: 티켓링크 / WIZ APP,CONFIRMED,THIRD_PARTY_API,OK,일반,KT 일반예매,,9월 28일 월요일,오후,4시,10/5,롯데,롯데,KT,LOTTE,KT,,티켓링크 / WIZ APP
ticket_policy_71b419aea2b73223,ticket_policy_d70a2ea3205e3e1f,https://yagu.today/calendar/2026/9,KIA,KIA,ticket_policy,2026-09-05 03:01:02,"[일반] KIA 일반예매 9월 29일 화요일 오전 11시 (10/6 삼성전) 삼성 vs KIA (10/6) 오픈: 9월 29일 화요일 오전 최대 8매 예매처: 티켓링크 / 타이거즈앱 앱/티켓링크앱=특별석 포함, PC 티켓링크=일반석만",CONFIRMED,THIRD_PARTY_API,OK,일반,KIA 일반예매,,9월 29일 화요일,오전,11시,10/6,삼성,삼성,KIA,SAMSUNG,KIA,8,"티켓링크 / 타이거즈앱 앱/티켓링크앱=특별석 포함, PC 티켓링크=일반석만"
ticket_policy_cc95538e2340fd05,ticket_policy_c7c0b552f89d25f0,https://yagu.today/calendar/2026/9,LG,LG,ticket_policy,2026-09-05 03:01:02,[일반] LG 일반예매 9월 29일 화요일 오전 11시 (10/6 NC전) NC vs LG (10/6) 오픈: 9월 29일 화요일 오전 예매처: 티켓링크 / 구단 홈페이지,CONFIRMED,THIRD_PARTY_API,OK,일반,LG 일반예매,,9월 29일 화요일,오전,11시,10/6,NC,NC,LG,NC,LG,,티켓링크 / 구단 홈페이지
ticket_policy_1286ac2cceac8da4,ticket_policy_3012bad560dcb4a4,https://yagu.today/calendar/2026/9,키움,KIWOOM,ticket_policy,2026-09-05 03:01:02,[선예매] 키움 시즌권 선예매 9월 29일 화요일 오전 11시 (10/6 KT전) KT vs 키움 (10/6) 오픈: 9월 29일 화요일 오전 최대 4매 예매처: 놀티켓,CONFIRMED,THIRD_PARTY_API,OK,선예매,키움 시즌권 선예매,,9월 29일 화요일,오전,11시,10/6,KT,KT,키움,KT,KIWOOM,4,놀티켓
ticket_policy_fcdd3bb023ae328a,ticket_policy_c60524de82dee734,https://yagu.today/calendar/2026/9,한화,HANWHA,ticket_policy,2026-09-05 03:01:02,[일반] 한화 일반예매 9월 29일 화요일 오전 11시 (10/6 SSG전) SSG vs 한화 (10/6) 오픈: 9월 29일 화요일 오전 최대 4매 예매처: 한화이글스 홈페이지 / 티켓링크 앱,CONFIRMED,THIRD_PARTY_API,OK,일반,한화 일반예매,,9월 29일 화요일,오전,11시,10/6,SSG,SSG,한화,SSG,HANWHA,4,한화이글스 홈페이지 / 티켓링크 앱
ticket_policy_ce5a69d004785f02,ticket_policy_8b0d00ee32b0a9f4,https://yagu.today/calendar/2026/9,키움,KIWOOM,ticket_policy,2026-09-05 03:01:02,[선예매] 키움 멤버십 9월 29일 화요일 오후 12시 (10/6 KT전) KT vs 키움 (10/6) 오픈: 9월 29일 화요일 오후 최대 2매 예매처: 놀티켓,CONFIRMED,THIRD_PARTY_API,OK,선예매,키움 멤버십,,9월 29일 화요일,오후,12시,10/6,KT,KT,키움,KT,KIWOOM,2,놀티켓
ticket_policy_5edc3c4c7c72cc96,ticket_policy_0d94a279c2de62bd,https://yagu.today/calendar/2026/9,키움,KIWOOM,ticket_policy,2026-09-05 03:01:02,[일반] 키움 일반예매 9월 29일 화요일 오후 2시 (10/6 KT전) KT vs 키움 (10/6) 오픈: 9월 29일 화요일 오후 예매처: 놀티켓,CONFIRMED,THIRD_PARTY_API,OK,일반,키움 일반예매,,9월 29일 화요일,오후,2시,10/6,KT,KT,키움,KT,KIWOOM,,놀티켓
ticket_policy_d5769886cef94e27,ticket_policy_5b99d6ce17a03cde,https://yagu.today/calendar/2026/9,LG,LG,ticket_policy,2026-09-05 03:01:02,"[선예매] LG 선예매 9월 29일 화요일 오후 2시 (10/7 두산전) 두산 vs LG (10/7) 오픈: 9월 29일 화요일 오후 최대 4매 예매처: 구단 홈페이지 구단 홈페이지만. 불가: 1루 블루 109, 1루 오렌지 205, 1루 레드 203, 1루 네이비 303/308, 3루 오렌지 219~222, 3루 네이비 326~330",CONFIRMED,THIRD_PARTY_API,OK,선예매,LG 선예매,,9월 29일 화요일,오후,2시,10/7,두산,두산,LG,DOOSAN,LG,4,"구단 홈페이지 구단 홈페이지만. 불가: 1루 블루 109, 1루 오렌지 205, 1루 레드 203, 1루 네이비 303/308, 3루 오렌지 219~222, 3루 네이비 326~330"
ticket_policy_2db3f1b0b9247a0e,ticket_policy_2ce5914424aa1a96,https://yagu.today/calendar/2026/9,LG,LG,ticket_policy,2026-09-05 03:01:02,[일반] LG 일반예매 9월 30일 수요일 오전 11시 (10/7 두산전) 두산 vs LG (10/7) 오픈: 9월 30일 수요일 오전 예매처: 티켓링크 / 구단 홈페이지,CONFIRMED,THIRD_PARTY_API,OK,일반,LG 일반예매,,9월 30일 수요일,오전,11시,10/7,두산,두산,LG,DOOSAN,LG,,티켓링크 / 구단 홈페이지
ticket_policy_3c5ca3db54cc6f45,ticket_policy_17770dbce5260159,https://yagu.today/calendar/2026/9,SSG,SSG,ticket_policy,2026-09-05 03:01:02,"[선예매] SSG 랜디 선예매 9월 30일 수요일 오전 11시 (10/7 NC전) NC vs SSG (10/7) 오픈: 9월 30일 수요일 오전 최대 6매 예매처: SSG 랜더스 앱 앱 전용 수수료 없음, 전용게이트 1시간 전 입장",CONFIRMED,THIRD_PARTY_API,OK,선예매,SSG 랜디 선예매,,9월 30일 수요일,오전,11시,10/7,NC,NC,SSG,NC,SSG,6,"SSG 랜더스 앱 앱 전용 수수료 없음, 전용게이트 1시간 전 입장"
ticket_policy_6059512f4f19cad1,ticket_policy_17770dbce5260159,https://yagu.today/calendar/2026/9,SSG,SSG,ticket_policy,2026-09-05 03:01:02,"[선예매] SSG 베티 선예매 9월 30일 수요일 오전 11시 (10/7 NC전) NC vs SSG (10/7) 오픈: 9월 30일 수요일 오전 최대 6매 예매처: SSG 랜더스 앱 앱 전용 수수료 없음, 스타벅스 게이트 이용 가능",CONFIRMED,THIRD_PARTY_API,OK,선예매,SSG 베티 선예매,,9월 30일 수요일,오전,11시,10/7,NC,NC,SSG,NC,SSG,6,"SSG 랜더스 앱 앱 전용 수수료 없음, 스타벅스 게이트 이용 가능"
ticket_policy_b331d31f1486c035,ticket_policy_dfab806200ad2439,https://yagu.today/calendar/2026/9,키움,KIWOOM,ticket_policy,2026-09-05 03:01:02,[선예매] 키움 시즌권 선예매 9월 30일 수요일 오전 11시 (10/7 한화전) 한화 vs 키움 (10/7) 오픈: 9월 30일 수요일 오전 최대 4매 예매처: 놀티켓,CONFIRMED,THIRD_PARTY_API,OK,선예매,키움 시즌권 선예매,,9월 30일 수요일,오전,11시,10/7,한화,한화,키움,HANWHA,KIWOOM,4,놀티켓
ticket_policy_ed3eb42dc8efceba,ticket_policy_849a04a17bd415cf,https://yagu.today/calendar/2026/9,키움,KIWOOM,ticket_policy,2026-09-05 03:01:02,[선예매] 키움 멤버십 9월 30일 수요일 오후 12시 (10/7 한화전) 한화 vs 키움 (10/7) 오픈: 9월 30일 수요일 오후 최대 2매 예매처: 놀티켓,CONFIRMED,THIRD_PARTY_API,OK,선예매,키움 멤버십,,9월 30일 수요일,오후,12시,10/7,한화,한화,키움,HANWHA,KIWOOM,2,놀티켓
ticket_policy_cfd806d28ee2bcdc,ticket_policy_cbb87b5d3cfd4039,https://yagu.today/calendar/2026/9,KT,KT,ticket_policy,2026-09-05 03:01:02,[선예매] KT 시즌권 선예매 9월 30일 수요일 오후 1시 (10/7 삼성전) 삼성 vs KT (10/7) 오픈: 9월 30일 수요일 오후 최대 2매 예매처: 티켓링크 / WIZ APP,CONFIRMED,THIRD_PARTY_API,OK,선예매,KT 시즌권 선예매,,9월 30일 수요일,오후,1시,10/7,삼성,삼성,KT,SAMSUNG,KT,2,티켓링크 / WIZ APP
ticket_policy_bd2c4a31f603bf1f,ticket_policy_4d1ee4cd48dfcf0d,https://yagu.today/calendar/2026/9,KT,KT,ticket_policy,2026-09-05 03:01:02,"[선예매] KT 매직회원 9월 30일 수요일 오후 2시 (10/7 삼성전) 삼성 vs KT (10/7) 오픈: 9월 30일 수요일 오후 예매처: 티켓링크 / WIZ APP 시즌 6매, 응원지정석만",CONFIRMED,THIRD_PARTY_API,OK,선예매,KT 매직회원,,9월 30일 수요일,오후,2시,10/7,삼성,삼성,KT,SAMSUNG,KT,,"티켓링크 / WIZ APP 시즌 6매, 응원지정석만"
ticket_policy_c83f5f99fe0167a6,ticket_policy_4d1ee4cd48dfcf0d,https://yagu.today/calendar/2026/9,KT,KT,ticket_policy,2026-09-05 03:01:02,[선예매] KT 빅또리 9월 30일 수요일 오후 2시 (10/7 삼성전) 삼성 vs KT (10/7) 오픈: 9월 30일 수요일 오후 예매처: 티켓링크 / WIZ APP 시즌 10매,CONFIRMED,THIRD_PARTY_API,OK,선예매,KT 빅또리,,9월 30일 수요일,오후,2시,10/7,삼성,삼성,KT,SAMSUNG,KT,,티켓링크 / WIZ APP 시즌 10매
ticket_policy_355b5fb2e162ea63,ticket_policy_ada501e897784ade,https://yagu.today/calendar/2026/9,키움,KIWOOM,ticket_policy,2026-09-05 03:01:02,[일반] 키움 일반예매 9월 30일 수요일 오후 2시 (10/7 한화전) 한화 vs 키움 (10/7) 오픈: 9월 30일 수요일 오후 예매처: 놀티켓,CONFIRMED,THIRD_PARTY_API,OK,일반,키움 일반예매,,9월 30일 수요일,오후,2시,10/7,한화,한화,키움,HANWHA,KIWOOM,,놀티켓
ticket_policy_af6a3f377d6eaf0d,ticket_policy_09c5042edd7d1130,https://yagu.today/calendar/2026/9,KT,KT,ticket_policy,2026-09-05 03:01:02,[일반] KT 일반예매 9월 30일 수요일 오후 4시 (10/7 삼성전) 삼성 vs KT (10/7) 오픈: 9월 30일 수요일 오후 예매처: 티켓링크 / WIZ APP,CONFIRMED,THIRD_PARTY_API,OK,일반,KT 일반예매,,9월 30일 수요일,오후,4시,10/7,삼성,삼성,KT,SAMSUNG,KT,,티켓링크 / WIZ APP
ticket_policy_634a85035882eec0,ticket_policy_5382fe3025fd8606,https://yagu.today/calendar/2026/9,SSG,SSG,ticket_policy,2026-09-05 03:01:02,"[선예매] SSG 푸리 선예매 10월 1일 목요일 오전 11시 (10/7 NC전) NC vs SSG (10/7) 오픈: 10월 1일 목요일 오전 최대 6매 예매처: SSG 랜더스 앱 앱 전용 수수료 없음, 스타벅스 게이트 이용 가능",CONFIRMED,THIRD_PARTY_API,OK,선예매,SSG 푸리 선예매,,10월 1일 목요일,오전,11시,10/7,NC,NC,SSG,NC,SSG,6,"SSG 랜더스 앱 앱 전용 수수료 없음, 스타벅스 게이트 이용 가능"
ticket_policy_ae41877c00108bc2,ticket_policy_df89a8d3177f55b9,https://yagu.today/calendar/2026/9,SSG,SSG,ticket_policy,2026-09-05 03:01:02,[일반] SSG 일반예매 (프렌즈) 10월 2일 금요일 오전 11시 (10/7 NC전) NC vs SSG (10/7) 오픈: 10월 2일 금요일 오전 최대 6매 예매처: 쓱닷컴 앱/웹 스타벅스 게이트 이용 가능,CONFIRMED,THIRD_PARTY_API,OK,일반,SSG 일반예매,프렌즈,10월 2일 금요일,오전,11시,10/7,NC,NC,SSG,NC,SSG,6,쓱닷컴 앱/웹 스타벅스 게이트 이용 가능
